cellFormID,cellEditorID,cellDisplayName
00004CF4,zCUTUnusedVault12003COPY0000,Stellwagen Gorge
0000F80C,,
00018704,,
001228D4,PackInPACKMtnTopPines01StorageCell,
00122FDC,PackInPACKCranBogLogGroup02StorageCell,
001652D8,COPY0082,
001A45C8,COPY0241,
001DFB00,,
001E6D74,,
001F8A9C,,
002112CC,,
002141AC,,
0022E340,,
00275C2C,,
002EE3E8,,
00366CD0,,
004DE248,,
0051AD60,PackInMSiloOperationsConsoleSingleTall21StorageCell,
005544E8,PackInLGTv96sublightterminalWarmStorageCell,
00582154,PackInCOMPPackinCampObjectBeggarStorageCell,
005CAAA8,zCUTDebugSheltersVaultTestMat01,Quick Test Cell
0060A0B8,DebugJeffU,Quick Test Cell
00002E22,zCUTVault65,Vault 65
00008CAA,,
00180A56,COPY0108,
00181BEA,,
0018AE66,PackInBarredDoorSinglePackIn01StorageCell,
0018FC22,PackInPOISubstationPrefab01StorageCell,
001A45D2,COPY0236,
001F8AA6,,
002112D6,,
0021CA6E,,
00275E8E,,
003488DE,,
0035345A,,
003C5EBA,,
004DE252,,
0051AD6A,PackInMSiloOperationsConsoleSingleTall11StorageCell,
005A5AE6,DebugJustinN02,Quick Test Cell
005B716A,PackInSheltersEntranceWaterfallCaveLargeStorageCell,
005D87CA,,
000182CC,76HoldingCellPowerSystem,Quick Test Cell
000648AC,,
0007330C,COPY0265,
0008AFE8,PackInWEMainSandboxStorageCell,
00160B70,COPY0079,
00162790,COPY0080,
00168618,COPY0083,
0017E864,,
001A45DC,COPY0231,
001B0B20,COPY0307,
001F8AB0,PackInGenericExteriorClutter01StorageCell,
002112E0,,
00211D6C,,
004333FC,PackInScorchedStatuePackin04StorageCell,
0051AD74,PackInMSiloOperationsConsoleSingleTall01StorageCell,
005286A4,PackInLGTMSASpotS01KwarmpackinStorageCell,
005633A8,zCUTW05DialogueTestInstanced,Quick Test Cell
005A5960,,
0000208A,DebugLiam,Quick Test Cell
000028BE,,
000141FE,,
0001A91E,,
000242A2,zCUTMoleManCity01,Quick Test Cell
00090132,PackInPOITrainStationPrefabBluePlatform01StorageCell,
0009BABE,,
001B0B2A,COPY0302,
001F6BDE,,
00275BE6,,
004E35FE,,
00536D26,PackInATXworkshopCollectorScavengepackinSilverStorageCell,
0055A6AE,PackInTestQuickCamp03StorageCell,
00586D3A,PackInDenizenPackInSettlerIntimidatorStorageCell,
005C53AA,PackInATXCollectronpackinBoSStorageCell,
005DB52E,PackInSheltersEntranceVaultStorageRoomQuestRewardSmallStorageCell,
00645352,PackInF1SurvivalTentAPCRustStorageCell,
00006F18,PackInPACKMtnTopCreosoteShrubMedium01StorageCellDUPLICATE000,
00013DBC,PackInForestPackTree02aStorageCell,
0001B47C,PackInPACKSwampRockCLuster01StorageCell,
0007D280,PackInLvlBloodbugAggro650WallPackInStorageCell,
000974DC,,
00237580,,
0027CA18,zCUTTestMeganMTX01,Quick Test Cell
00329EC0,PackInworkshopVertibirdLandingPadpackinStorageCell,
0039C59C,,
003A1B28,,
003BA358,,
003C5AF0,,
003DCD40,,
003E58B4,,
0042FDC4,PackInPACKMtnTopPines04DistantStorageCell,
004E9F80,,
005262C8,,
00586D44,PackInDenizenPackInScavengerLooterStorageCell,
005A0384,zCUTTestOrionWatogaCivicCenter,Quick Test Cell
005FF9B0,,
0061DAF0,DebugMattT,Quick Test Cell
00017A52,COPY0255,
0005712A,PackInLvlRadRoachAmbushFloorStorageCell,
0009BD2A,zCUTDebugRange,DebugRange
0011CFF6,,
00175B7E,COPY0104,
001CC3DE,WarehouseTestAmbushes,Actor Ambush Testing
001D4782,PackInPACKMtnRemShrubGroupSm02DarkStorageCell,
00275BFA,,
0037B00E,PackInTestScorchBeastkAmbushFissure02StorageCell,
003B993A,,
003BD4FE,,
003CC85A,,
00439AD6,WarehouseActorRespawn02,Quick Test Cell
0000D6B0,PackInTestLinksStorageCell,
00123590,COPY0058,
00173DD8,COPY0101,
00321554,,
0032BC20,PackIn76LoadElevatorHiTechPackIn01ButtonStorageCell,
0039E680,PackInWorkshopPowerSwitchRandompackinStorageCellDUPLICATE000,
003A89C8,,
003CC864,,
0040E070,,
004EBDA8,zCUTWarehouseSignsCustomOLD,Quick Test Cell
0051AD38,PackInMSiloOperationsConsoleCabSolo04StorageCell,
005273A8,,
00530EBC,zCUTMonongahMissileSilo01OLD,Missile Silo Bravo
00587BCC,zCUTTestTheWaywardExt,Quick Test Cell
00602FAC,PackInSheltersEntranceVaultServerRoomLargeStorageCell,
00083FFE,PackInLvlStingwingAmbushWallPackInStorageCell,
000A5E92,PackInLvlRadStagDefaultPackInStorageCell,
000CFD46,COPY0285,
0015D6E6,,
0019F4CE,COPY0222,
001D0AA6,PackInLvlMirelurkKingAmbushWaterPackInStorageCell,
0022002E,,
0022C1EE,,
003EA4FE,,
0041302A,zCUTRaRaPrototypes01,Quick Test Cell
0051AD42,PackInMSiloOperationsConsoleCabCluster01StorageCell,
005A0596,DebugJMoretto,Quick Test Cell
005A114E,PackInATXworkshopCollectorScavengepackinSantaStorageCell,
005A1EFA,PackInATXCollectronpackinSantatronStorageCell,
005A5546,zCUTDebugShelterszzTestCell,Quick Test Cell
005B5E1E,zCUTProtoExpo05,Quick Test Cell
00606D6E,DebugElishaM,Quick Test Cell
000028F0,,
00004060,,
00006F40,zCUTHuntersvilleSewers,Huntersville Sewers
000073F0,WarehouseStairsCatwalkScaffolding,Quick Test Cell
0001A7C0,,
0008C08C,COPY0274,
0012B6F0,zCUTTestDrew2,Quick Test Cell
0012D5CC,PackInPACKMtnRemovalBoulders02StorageCell,
00181C30,,
0018F114,PackInPOITrainStationPrefab02StorageCell,
0019F4D8,COPY0217,
001A4EB0,COPY0250,
00207A60,76HoldingCellRegionForest,Quick Test Cell
00209234,DebugJamesP,Quick Test Cell
00220038,,
002BA430,,
003C459C,,
003C5348,,
003DE5A0,,
00403828,zCUTDebugVault79Entrance,Quick Test Cell
0051AD4C,PackInMSiloOperationsConsoleRight01StorageCell,
005A6ACC,PackInATXPackinWorkshopPottingShedStorageCell,
005DBDF8,PackInATXDisplayMannequinRackFemaleRedStorageCell,
005DD310,PackInATXEncampmentFenceGatePKINStorageCell,
005FEB00,PackInWorkshopFloraPumpkin04packinStorageCell,
00608AC4,,
0061D924,PackInMirelurkKingTubePackInStorageCell,
006218D0,PackInSCORES5COMPPackinCampObjectInspectorPKINStorageCell,
0063220C,PackInHumanFemaleTubeStorageCell,
00002D46,,
000333E2,,
0003D982,PackInLvlBloodbugAmbushGroundPackInStorageCell,
0008C096,COPY0271,
0011996E,zCUTTESTDannyAmbush,Quick Test Cell
0013FEB6,COPY0061,
00181C3A,,
00183602,COPY0129,
001862EE,PackInTrapBowWallHorizPackinStorageCell,
001A45BE,COPY0246,
001AB2BA,COPY0294,
001DFAF6,,
0020F062,,
002233D2,,
00275EDE,,
002BA43A,,
0030C712,PackInLGTFungusBrain05kOmnicyanStorageCell,
003853E2,zCUTTestRafaelint,Quick Test Cell
0039B17E,,
003C6D7E,PackInCharGenRoomPackInStorageCell,
003D6652,,
00423BD2,PackInLGTv94SScagelightStorageCell,
0051857E,,
0051AD56,PackInMSiloOperationsConsoleCorner01StorageCell,
0051BD5A,,
005275BA,,
0052ACCE,PackInClutterPIPavillionSmallLongStorageCell,
0056901E,PackInLGTv96SScagelightResearchWarmStorageCell,
005E452A,PackInATXEncampmentFenceGateNoSnapPKINStorageCell,
00035EE5,,
0003BD6D,,
00050E89,zCUTDebugRMC,Quick Test Cell
001228D5,PackInPACKMtnTopShrubs04StorageCell,
00122FDD,PackInPACKCranBogLogGroup01StorageCell,
001277BD,PackInworkshopPACKTestSinkDepthUngroupedStorageCell,
00167D09,COPY0086,
00181C45,,
0018AE5D,PackInBarredDoorDoublePackIn01StorageCell,
00195B05,COPY0207,
001B4BE5,COPY0316,
001C7781,COPY0335,
001E6D75,PackInIndGreeb12StorageCell,
001F8A9D,,
002112CD,,
002141AD,,
0022E341,,
003F3A55,zCUTVault96Gear02,Vault 96 Entrance
004DE249,,
0051AD61,PackInMSiloOperationsConsoleSingleTall20StorageCell,
005544E9,PackInLGTv96sublightwallWarmStorageCell,
00564079,,
0000433B,PackInPACKToxicTreeStumpBranches03StorageCell,
0004E1A7,PackInworkshopCollectorFertilizerpackinStorageCell,
0011A27F,COPY0057,
001660F3,WarehouseDoors,Quick Test Cell
0018574B,zCUTTestWorldChrisP,Marker Cell
00192DBF,COPY0198,
00195B0F,COPY0202,
001C778B,COPY0330,
001F8AA7,,
002112D7,,
0021CA6F,,
002269CF,,
00275E8F,,
0034441F,zCUTTestPowerArmorCorpse,Quick Test Cell
003488DF,,
00405723,PackInLGTv94sublightStorageCell,
004833A3,zCUTTestDusty,Quick Test Cell
004DE253,,
004EBABB,,
0051AD6B,PackInMSiloOperationsConsoleSingleTall10StorageCell,
00527AE3,PackInLGTMSASpotS03KflopackinStorageCell,
0052BB57,zCUTTestAliasRefillCell,Quick Test Cell
0059BCB3,PackInF1SurvivalTentXmasStorageCell,
005B703F,PackInSheltersEntranceBasicCavePropStorageCell,
00005029,PackInPACKMtnTopCreosoteShrubSmall01StorageCell,
00093B5D,,
00192DC9,PackInBld02Angle45BrickACom01PackInStorageCell,
00193C3D,COPY0200,
001C7795,COPY0325,
0020E8B1,PackInGenericExteriorClutter40StorageCell,
002112E1,,
00211D6D,,
00248AC5,PackInBuoyBellRedStorageCell,
00337459,,
00396BB1,PackInworkshopCollectorAshforgepackinNEWStorageCell,
004333FD,PackInScorchedStatuePackin05StorageCell,
004E99F5,,
0052F531,zCUTTestMothman,Quick Test Cell
005A5961,,
005A6451,,
005B4619,PackInSheltersEntranceSmallGreenhouseSmallStorageCell,
005F0E75,DebugDobert04,Quick Test Cell
0060A6A9,,
000028BF,,
0002FE87,PackInworkshopPACKTableTest01GroupedStorageCell,
0009BABF,,
001B193B,COPY0313,
001C779F,COPY0320,
001F6BDF,,
00275BE7,,
0030878F,DebugJamieC,Quick Test Cell
00424FE7,zCUTTestPathing,Quick Test Cell
0055A6AF,PackInTestQuickCamp02StorageCell,
005752CF,zCUTTestMattD,Quick Test Cell
00586D3B,PackInDenizenPackInScavengerTreasureStorageCell,
00006F19,PackInPACKMtnTopCreosoteShrubLarge01StorageCell,
000083CD,,
00008CC9,,
0000F709,zCUTTestJayQuestCell,Quick Test Cell
00013DBD,PackInForestPackTree04aStorageCellDUPLICATE001,
0002B909,COPY0257,
00044CF1,WarehouseEncounterWave,Encounter Wave Test Area
0005A0C9,zCUTDebugBryan01,Quick Test Cell
000852A1,,
0008DA91,PackInworkshopPACKTableTest01UngroupedStorageCell,
00170F49,COPY0095,
0017EA6D,,
00197C61,PackInV943BulkheadNoTriggerStorageCell,
001D4779,PackInPACKMtnRemBoulders01LightStorageCell,
0036BAB5,,
0039C59D,,
003C5AF1,,
003D8B3D,,
003DCD41,PackInPlayerHouseRuinKitchenCabinet05BareMetalPackInStorageCell,
003E58B5,,
0042FDC5,PackInPACKMtnTopPines02DistantStorageCell,
004E9F81,,
005262C9,,
00577859,PackInBabylonHalloweenDecoOverseerAndZaxRealStorageCell,
00586D45,PackInDenizenPackInScavengerCamperStorageCell,
005FF9B1,PackInATXFenceBarbedWireGatePKINStorageCell,
0000416F,,
00007FEF,,
000083D7,PackInSLABMedShackBootlegger01StorageCell,
0000B8F7,,
0001559B,PackInPACKForestTrees030104StorageCell,
00051947,zCUTWarehouseAmbushesOLD,Quick Test Cell
0005712B,PackInLvlRadRoachAmbushWallStorageCell,
00085D37,PackInPACKToxicShrubGroupMed04StorageCell,
0008C06F,COPY0279,
000CF9AF,,
0011CFF7,zCUTTestAmbush,Ambush Test Cell
00149363,PackInKlaxonLightNSPackInStorageCell,
00170F53,COPY0090,
00181C13,,
001A0B63,COPY0291,
001D4783,PackInPACKMtnRemShrubGroupSm01DarkStorageCell,
0020C66F,,
003AC713,,
003B993B,,
003CC85B,,
003E27EB,,
00439AD7,WarehouseActorRespawn01,Quick Test Cell
0051DF93,,
0004B939,zCUTTestGunRangeMR,DebugRange
00085D41,PackInPACKToxicShrubGroupSm06StorageCell,
0015D6DD,,
00193AD5,PackInKlaxonLightPackInStorageCell,
0019FCF9,COPY0216DUPLICATE000,
002105C1,,
002B802D,zCUTBabylonStagingAreaZax,Babylon Zax Vault
00321555,,
0032BC21,zCUTTestElevators,Quick Test Cell
0046085D,zCUTVault9603Steve,Vault 96
0051AD39,PackInMSiloOperationsConsoleCabSolo03StorageCell,
005294DD,,
00537835,zCUTDebugTempCavern01,Quick Test Cell
0055765D,PackInbabylonquickstairspackinStorageCell,
00570BD5,zCUTTestMikePInt,Quick Test Cell
005C38D5,,
00004057,zCUTCharlestonHoldingCell,Quick Test Cell
000A5E93,PackInLvlRadscorpionDefaultPackInStorageCell,
000E016F,,
00109D67,zCUTTestEncounters3,Observation Cell
00146627,COPY0072DUPLICATE000,
0021B723,,
0022002F,,
00320047,PackInLGTCeilingFanLight01SStorageCell,
003C6857,DebugMJ,Quick Test Cell
003EA49B,,
003EA4FF,,
004263FB,zCUTJohnyConPrototype01,Quick Test Cell
0051AD43,PackInMSiloOperationsConsoleRight05StorageCell,
0056FB77,,
005F87BF,zCUTDebugAlexB,Quick Test Cell
005FBC17,PackInATXCollectronpackinNukaColaStorageCell,
00004061,,
0003104D,PackInWorkshopPortaPottyPackinStorageCell,
0005F105,zCUT76AITestCellTick,Quick Test Cell
0012D5CD,PackInPACKMtnRemBoulders01StorageCell,
00146631,PackInTrapGunWallHorizPistolPackinStorageCellDUPLICATE002,
001466F9,PackInTrapGunWallVertRiflePackinStorageCell,
001DFAED,,
00203B19,,
002BA431,,
002CA025,,
0039CA75,,
003C459D,,
003DE5A1,,
0048312D,PackInbabylonkitPerimeterWall01StorageCell,
004F955D,WarehouseTestHoldPos,Quick Test Cell
0051AD4D,PackInMSiloOperationsConsoleCorner10StorageCell,
005DBDF9,PackInATXDisplayMannequinRackFemaleYellowStorageCell,
005FEB01,PackInWorkshopFloraPumpkin01packinStorageCell,
00608AC5,,
0063220D,PackInZetanTubePackInStorageCell,
00004007,zCUT76DangerRoom,76 PVP Playground
000042C3,zCUTTestDrewIndScraps,Quick Test Cell
0003D983,PackInLvlBloodbugAmbushCeilingShortPackInStorageCell,
0005096B,zCUTTESTJamesTest01,Quick Test Cell
0009DC93,PackInLoadElevatorUtilityPackInStorageCell,
001715BB,COPY0100,
001796A3,PackInTrapMonkeyPackinStorageCell,
00181C3B,,
00183603,COPY0128,
0018B8DF,,
001C7777,COPY0340,
001DFAF7,,
001FCC33,zCUTTestMikeCell,Quick Test Cell
0020F063,,
002233D3,,
00275F43,,
002BA43B,,
002C8B7B,PackInworkshopPACKPerimeterWall02WallsShack01StairsStorageCell,
0030C713,zCUTTestWindingPathObjects,Quick Test Cell
0039B17F,,
003D6653,,
0051AD57,PackInMSiloOperationsConsoleSingleShort04StorageCell,
005275BB,,
0052ACCF,,
0056901F,PackInLGTv96sublightterminalResearchCoolStorageCell,
00602DD7,PackInWorkshopFloraPumpkinVine01packinStorageCell,
006371C7,PackInATXFirstRespondersFireStationPKINStorageCell,
0003BD6E,,
00044A0E,zCUTWarehouseTestCenter,Testing Center
00084D02,PackInLvlFeralGhoulAmbushMantelPackInStorageCell,
000939BA,COPY0281,
001228D6,PackInPACKMtnTopShrubs03StorageCell,
00122FDE,PackInPACKCranBogTreeGroupMed01StorageCell,
001277BE,PackInworkshopPACKTestSinkDepthGroupedStorageCell,
0017D07E,,
00181C46,,
001A45CA,COPY0240,
001DFB02,,
001EE6F2,,
001F8A9E,,
002112CE,,
0022D2DA,,
0022E342,,
00275C2E,,
00275E86,,
00283306,PackInClutterPIDeerHangingOnPost01StorageCell,
0037E1DE,,
00383DAA,DebugRobA,Quick Test Cell
004DE24A,,
004EFEAA,,
0051AD62,PackInMSiloOperationsConsoleSingleTall19StorageCell,
0053E8DE,zCUTTestRaRaVentStandards,Quick Test Cell
005E95AE,WarehouseEWSTest,Quick Test Cell
005F094E,PackInSheltersEntranceVaultQuartersLargeStorageCell,
0061898A,PackInYaoGuaiTubePackInStorageCell,
000044CC,,
00062E78,zCUTTestKurtREObject,Quick Test Cell
00180A58,COPY0052,
001A45D4,COPY0235,
001C7534,zCUTTestHazards,Hazard Test
001F8AA8,,
002112D8,,
0021CA70,,
002269D0,,
00275D00,,
00275E90,PackInNewDeskLamp01NSPackinStorageCell,
0043D930,DebugRussellR,Quick Test Cell
004DE254,,
004FCC90,,
0051A59C,,
0051AD6C,PackInMSiloOperationsConsoleSingleTall09StorageCell,
00526A7C,,
005600D8,PackInREPackInMiningStorageCell,
0000747E,zCUTDebugJustinM,Quick Test Cell
0000792E,,
0000C302,,
00160B72,COPY0075,
00162792,COPY0074DUPLICATE000,
001A45DE,COPY0230,
001A94C6,COPY0293,
001B0B22,COPY0306,
00211D6E,,
00248AC6,PackInBuoyBellGreenStorageCell,
00275BDE,,
002B712E,,
0032B236,PackInLGTFluorescentLight01kSPackinStorageCell,
003381A2,PackInworkshopArtillerypackinNEWStorageCell,
003FBBB6,zCUTW05MQ101PTest,Quick Test Cell
004F4A86,,
005A6452,,
0060A6AA,PackInATXFenceGateHedgeRedCedarDying128PKINStorageCell,
000043B4,PackInPACKToxicShrubGroupMed05StorageCell,
000134B8,PackInTESTPackInStorageCell,
00014200,,
0012DFC4,PackInPACKMtnTopPinesShortSparseStorageCell,
0013D064,,
0015D6C0,,
00181C00,,
001B0B2C,COPY0301,
00275BE8,,
0047B9D8,,
00545DC8,,
0055A6B0,PackInF1SurvivalTentStorageCell,
00586D3C,PackInDenizenPackInScavengerSurveyorStorageCell,
005D16FC,zCUTDebugCameronL,Quick Test Cell
0001A92A,WarehouseTestEncounterTypes,Encounter Types Test Area
00162A62,COPY0081,
0016BAEA,COPY0085,
0017EA6E,,
001B0B36,COPY0295,
001D477A,PackInPACKMtnRemTreePineStumps02DarkStorageCell,
00275BF2,,
003C5AF2,,
003D02EA,,
003D8B3E,,
0042FDC6,PackInPACKMtnTopPinesShortSparseDistantStorageCell,
0046760E,,
0050DB62,,
005262CA,,
00536D32,PackInATXworkshopCollectorScavengepackinCopperStorageCell,
0053C516,zCUTTestMikeEnt,Quick Test Cell
0057785A,,
00586D46,PackInDenizenPackInSettlerCamperStorageCell,
005FF9B2,PackInATXFenceBarbedWireGatePCKNStorageCell,
00003040,zCUTTestPhil01,Quick Test Cell
000083D8,PackInSLABMedWarehouse01StorageCell,
0000E134,PackInPACKToxicTreeClusterSm03StorageCell,
00017A54,COPY0254,
00085D38,PackInPACKToxicShrubGroupMed03StorageCell,
001202C0,PackInPACKMtnTopPineStumps02StorageCell,
00149364,PackInKlaxonLightDestPackInStorageCell,
00175B80,COPY0103,
00181C14,,
001D4784,PackInPACKMtnRemTreePineStumps01StorageCell,
0020C670,,
003B993C,,
003CC85C,,
003E27EC,,
004E3740,zCUTTestChrisH,Quick Test Cell
004F5210,zCUTTESTRegionConditionsForest,Forest Regional Conditions Test
0051DF94,,
005AD040,PackInSupplyRunDataPackInStorageCell,
000049AE,zCUTTestCharGenBackup01,Vault 76
0001AA06,DebugMandi,Quick Test Cell
0003A2B6,,
0003E06E,PackInBarredDbDoorChained01StorageCell,
0004B93A,zCUTTestWorkshopMR,DebugRange
00085D42,PackInPACKToxicShrubGroupSm05StorageCell,
0008F662,,
0015D6DE,,
002105C2,,
0032BC22,PackIn76LoadElevatorUtility04ButtonsStorageCell,
0040BE12,DebugDobert02,Quick Test Cell
0040E072,,
0051AD3A,PackInMSiloOperationsConsoleCabSolo02StorageCell,
000027BC,DebugZachW,Quick Test Cell
00004058,zCUTTestEncounters,Test Encounters
00044CAC,WarehouseNativeTerminals,Quick Test Cell
000A5E94,PackInLvlMoleratDefaultPackInStorageCell,
0019F4D0,COPY0221,
0021B724,,
00220030,,
00320048,PackInLGTFungusGreen100lmStorageCell,
003DA650,zCUTTestNuke,Quick Test Cell
003EA500,,
004263FC,zCUTRaiderRevengePrototype01,Quick Test Cell
0044D04C,WarehouseAtomicShopVideoCell,Atomic Shop Background Video Cell
004F7808,,
0051AD44,PackInMSiloOperationsConsoleLeft05StorageCell,
00004062,,
0003BDBE,PackInPACKToxicClutterSm01StorageCell,
000500CA,COPY0042,
0008C08E,COPY0273,
0008F676,,
00120216,,
00125A5E,PackInTruckFlatbedMegaloaderStorageCell,
0018F1DE,PackInPOITrainStationPrefab04StorageCell,
0019F4DA,COPY0216,
001A4EB2,COPY0249,
001DFAEE,,
00203B1A,,
002394EA,PackInFireExtinguisher01WithHolderStorageCell,
00290326,zCUTMissileSilo01JJTest,Quick Test Cell
002BA432,,
00378AAE,76HoldingCellWhitespringResort02,Whitespring Resort Holding Cell 2
00379B7A,,
003C459E,,
003CAA02,PackInEmptyNukaColaMachineBrokenWithLidStorageCell,
003DE5A2,,
0051AD4E,PackInMSiloOperationsConsoleCorner09StorageCell,
0053063A,DebugMartin,Quick Test Cell
005DBDFA,PackInATXDisplayMannequinRackMaleStorageCell,
005FEB02,PackInWorkshopFloraPumpkin02packinStorageCell,
00608AC6,,
0001A8F8,,
0003D984,PackInLvlBloodbugAmbushCeilingPackInStorageCell,
0004BAE8,,
00183604,COPY0127,
001A45C0,COPY0245,
001A85D0,COPY0251,
001DFAF8,,
0020F064,,
002233D4,,
00275EE0,,
00275F44,,
002BA43C,,
002C38AC,zCUT76AITestCellScorched,Quick Test Cell
002EBD34,WarehouseInstruments,Quick Test Cell
003CFED0,zCUTTestEmil,Emil's Test Cell
003D3EE0,,
003D6654,,
004F94A0,,
0050E1D4,76HoldingCellWhitespringResort,Whitespring Resort Holding Cell
0051AD58,PackInMSiloOperationsConsoleSingleShort03StorageCell,
005275BC,,
00569020,PackInLGTv96sublightterminalResearchWarmStorageCell,
00574628,zCUTCOMPDeleteThis,Quick Test Cell
00007DCB,WarehouseFallout4,Quick Test Cell
001228D7,PackInPACKMtnTopShrubs02StorageCell,
00122FDF,,
001277BF,PackInworkshopPACKBarnPrefab01StorageCell,
00192DB7,COPY0199,
00195B07,COPY0206,
001A281B,,
001B4BE7,COPY0315,
001C7783,COPY0334,
001DFB03,,
001EE6F3,,
001F8A9F,,
001FAB0B,,
002112CF,,
00216C43,,
0022D2DB,PackInSuperMutantCamp04StorageCell,
0022E343,,
003B1EC7,WarehouseWorkshopItems,Worshop Items Warehouse
004DE24B,,
0050D9AB,zCUTTestLogan,Quick Test Cell
0051AD63,PackInMSiloOperationsConsoleSingleTall18StorageCell,
0053E8DF,zCUTProtoExpo04,Quick Test Cell
005ADDBB,PackInATXDoorNukaColaMachineSecretStorageCell,
005B1D03,,
005B7D7F,PackInSCORES1PKINCAMPDeployableFutureTecStorageCell,
000043A1,,
00011C6D,zCUT76AITestCellRadtoad,Quick Test Cell
0011A281,COPY0056,
001203C5,PackInPACKMtnTopPines05StorageCell,
001857B1,,
00192DC1,COPY0197,
00195B11,COPY0201,
001AAD59,COPY0300,
001B0B19,COPY0311,
001C778D,COPY0329,
001F8AA9,,
00209BB5,WarehouseActivators,Animated Activators Ahoy
0020FC31,PackInLGTRSMOmniNS1kfancywarmpackStorageCell,
002112D9,,
00232871,,
00275BD5,,
00275E91,,
003338F1,,
003C4BFD,,
00439DD1,PackInWorkshopWindChimeWallPackInStorageCell,
004DE255,,
0051AD6D,PackInMSiloOperationsConsoleSingleTall08StorageCell,
00526A7D,PackInCargoConsole02PackinStorageCell,
005A65D9,PackInSheltersEntranceCavesmallStorageCell,
0000408B,zCUTTestLockpickHack,Quick Test Cell
000043AB,PackInPACKToxicTreeStumpBranches02StorageCell,
00004B17,zCUTTestCory01,Quick Test Cell
0000C303,PackInSLABMedIndustrial01StorageCell,
0001376B,PackInForestPackTree03aStorageCell,
000922C3,DebugCBernardo,Quick Test Cell
0010D513,zCUTTestTony,Quick Test Cell
00181BF7,,
00181C5B,,
00192DCB,PackInBld04AddFirescape01PackInStorageCell,
001C7797,COPY0324,
00275BDF,,
00275E9B,,
003CC137,,
00451413,PackInStorageCellDUPLICATE000,
004F4A87,,
005292C3,zCUTTestAtomicShop01,Atomic Shop
005EC377,,
005FBF6B,PackInWendigoTubePackInStorageCell,
000017F5,,
0001B475,PackInPACKSwampRockFungusCluster01StorageCell,
00044CE9,zCUTCharlestonCapitolBuilding01,Charleston Capitol Building
0009FE55,PackInPrewarFancyCurioWithDoors01StorageCell,
00130095,,
0018FC39,PackInTrainStationPrefabStation1StorageCell,
001B193D,COPY0312,
001C77A1,COPY0319,
001F6925,,
00275BE9,,
0039017D,,
003D7D25,zCUTTestTED01,Quick Test Cell
003F01D1,PackInVault94SeedBankOffStorageCell,
004E55A5,PackInCritterBSandboxWithRespawnPackInStorageCell,
00545DC9,PackInASMDisplayCaseShort01PackInStorageCell,
00586D3D,PackInDenizenPackInSettlerSurveyorStorageCell,
0003AEBF,zCUTTestAudioSchreibaby,Quick Test Cell
00052A0B,PackInShackWallDoorSet02StorageCell,
00098547,COPY0282,
0011221B,zCUTDLC06VaultWorkshop,Vault 88
001201EF,PackInPACKMtnTopBoulders02StorageCell,
0012B08B,PackInPACKMtnTopBoulderStack03StorageCell,
00170F4B,COPY0094,
0017EA6F,,
001D477B,PackInPACKMtnRemTreePines05DarkStorageCell,
003861C3,,
003904A7,DebugStephanieZ,Quick Test Cell
003C5AF3,,
003D8B3F,PackInLGTCeilingLamp01OnSHORTSpotNSStorageCell,
004101F7,DebugVictoria,Quick Test Cell
00489ECB,,
005262CB,,
00586D47,PackInDenizenPackInScavengerButcherStorageCell,
005B2B3B,PackInSheltersEntranceMediumVaultSmallStorageCell,
005FB42B,PackInF1SurvivalTentAPCBaselineStorageCell,
000083D9,PackInSLABMedRadioTower01StorageCell,
0000E135,PackInPACKToxicTreeClusterSm02StorageCell,
00013D01,WarehouseAnimations,Animation Test Cell
00085D39,PackInPACKToxicShrubGroupMed02StorageCell,
0008C071,COPY0278,
00132A11,PackInMonoRailStation03StorageCell,
00170F55,COPY0089,
00181C15,,
0020C671,,
0033CACD,,
003AC841,zCUTTestRSVP,Quick Test Cell
003CC85D,,
00427901,zCUTDebugAustinF,Quick Test Cell
0043D4A9,WarehouseHazards,Quick Test Cell
00552A8D,MotherlodeNavigationTest01,The Cave
00593AC9,DebugJae,Quick Test Cell
005A2209,zCUTDebugMattO,Quick Test Cell
005EB0D5,,
00605011,PackInATXFenceGateRedCedarDying128PKINStorageCell,
0000DAFF,zCUTVault96,Vault 96
0003A2B7,,
00085D43,PackInPACKToxicShrubGroupSm04StorageCell,
000F7C4F,COPY0047,
001601D7,WarehouseIndustrialMachines,Quick Test Cell
0018FC57,PackInTrainStationPrefabOrienterStorageCell,
002105C3,,
0032BC23,,
003848D7,,
003B0793,PackInWorkshopWoodStoveStorageCell,
0051AD3B,PackInMSiloOperationsConsoleCabSolo01StorageCell,
0054B503,zCUTDebugTrevorCapitol,Quick Test Cell
005F1417,DebugCBernardo02,Quick Test Cell
00018559,PackInLewisburgAwningsStarterPackStorageCell,
00056011,,
0006DE7D,,
000A5E95,PackInLvlMirelurkDefaultPackInStorageCell,
00145D91,PackInVaultDoorConsolePackInStorageCell,
00146629,PackInTrapGunWallHorizAutoPackinStorageCell,
00164AED,,
00181C29,,
001E0891,PackInPACKToxicTreeFallen01StorageCell,
00220031,,
002B8BF1,PackInWorkshopKeypadShackPoweredGate01packinNEWStorageCell,
00320049,PackInLGTFungusBrain100lmStorageCell,
003CB4E9,PackInREPackInWhitespringAssaultStorageCell,
003EA501,,
0040C45D,zCUTW05MQS204PTest,Quick Test Cell
004F498D,PackInBabylonKitWall01COPY0000StorageCell,
004F7809,,
0051AD45,PackInMSiloOperationsConsoleLeft04StorageCell,
00006F43,DebugSteveC,Quick Test Cell
0000E0EF,PackInFEVDecalTrap04StorageCell,
001466FB,PackInTrapGunWallVertShotgunPackinStorageCell,
001C776F,COPY0344,
001DFAEF,,
00203B1B,,
00276003,,
002BA433,,
002CA027,,
0033F7D7,DebugDrewL,Quick Test Cell
003C459F,,
003DE5A3,,
00423BCB,PackInLGTv94sublightterminalReactorStorageCell,
0051AD4F,PackInMSiloOperationsConsoleCorner08StorageCell,
005396C3,,
005698AF,PackInATXworkshopCollectorScavengepackinRaiderStorageCell,
005D0023,,
005DBDFB,PackInATXDisplayMannequinRackMaleBlueStorageCell,
00002579,PackInPACKToxicBasinSm01StorageCell,
0000E419,,
00031121,zCUT76AITestArena,Quick Test Cell
00068C25,,
000937BD,zCUTTestMeganS,Quick Test Cell
00120285,,
001715BD,COPY0099,
00183605,COPY0126,
00195AFD,COPY0211,
0019DB81,COPY0215,
001C7779,COPY0339,
001DFAF9,,
001F8A95,,
0020F065,,
002233D5,,
0022E339,,
002BA43D,,
002C38AD,zCUT76AITestCellSnallygaster,Quick Test Cell
00368B41,PackInworkshopPACKTestGeneratorLightStorageCell,
003D6655,,
004501FD,,
0051AD59,PackInMSiloOperationsConsoleSingleShort02StorageCell,
005275BD,,
00553609,PackInUD11FirePackinStorageCell,
005B5985,,
005B6795,PackInSheltersEntranceVaultLivingQuartersSmallStorageCell,
0006312C,,
0007186C,,
000732FC,COPY0266,
00083AA8,PackInPACKCranBogShrubGroupMed04StorageCell,
0008EDF4,PackInworkshopCollectorScavengepackinNEWStorageCellDUPLICATE001,
001228D8,PackInPACKMtnTopShrubs01StorageCell,
00122FE0,PackInPACKCranBogTreeGroupSm02StorageCell,
00140568,COPY0064,
00180A50,COPY0111,
0019F8D8,COPY0226,
001A281C,,
001A45CC,COPY0239,
001DFB04,,
001F8AA0,,
001FAB0C,,
002112D0,,
0022D2DC,,
00275C30,,
00275CF8,,
002E4108,PackInworkshopPACKPerimeterWall01StorageCell,
0032D9FC,zCUTTestCharControlTrigger,Quick Test Cell
004DE24C,,
0051AD64,PackInMSiloOperationsConsoleSingleTall17StorageCell,
00556EB8,PackInDefaultChallengeHiTechDoorLargeDamagedPackInStorageCell,
005ACC28,,
0000258E,,
00011CD2,PackInPACKForestTreeX04aStorageCell,
0001CFBA,,
0008C0AE,COPY0269,
0012C19E,zCUTTestRobertClutter01,
00180A5A,PackInREPackInSceneStorageCell,
001A45D6,COPY0234,
001F8AAA,PackInGenericExteriorClutter07StorageCell,
002112DA,,
003F3166,zCUTVault63Gear,Vault 63 Entrance
00439DD2,PackInWorkshopWindChimePackInStorageCell,
004DE256,,
0051AD6E,PackInMSiloOperationsConsoleSingleTall07StorageCell,
00526A7E,,
00554172,PackInATXworkshopCollectorScavengepackinFreeStatesStorageCell,
005A13D2,PackInF1SurvivalTentFirstRespondersStorageCell,
005DB4BA,PackInATXDisplayPowerArmorBlueStorageCell,
0000C304,,
001215C8,,
001A45E0,COPY0229,
001B0B24,COPY0305,
0022E09C,,
00275FC8,,
003CC138,,
00407FD0,DebugCBernardo03,Quick Test Cell
005FBF6C,PackInScorchedTubePackInStorageCell,
000017F6,,
0000E122,PackInPACKToxicTreeClusterMed03StorageCell,
00112726,COPY0051,
0017633E,PackInBusStop01StorageCell,
001B0B2E,COPY0299,
0030A736,76HoldingCellGraftonMayor,Quick Test Cell
0035A29A,,
004E55A6,PackInCritterASandboxWithRespawnPackInStorageCell,
00586D3E,PackInDenizenPackInSettlerLumberjackStorageCell,
005B711E,PackInSheltersEntrancePackinTemplateDONOTUSEStorageCell,
006003D2,PackInATXFenceIronGate256PCKNStorageCell,
0061F9C6,PackInATXRustedChainLinkGate128PKINStorageCell,
00004AC8,76HoldingCell,Quick Test Cell
0014935C,PackInPortADinerPackinDirtyStorageCell,
0017EA70,,
00181C0C,,
001D477C,PackInPACKMtnRemTreePines04DarkStorageCell,
00275BF4,,
003861C4,PackInClutterHalloweenSettingOrangeStorageCell,
003B9934,,
003C5AF4,,
003E27E4,,
00489ECC,,
005262CC,,
00586D48,PackInDenizenPackInSettlerButcherStorageCell,
005AE424,zCUTProtoExpo03,Quick Test Cell
005B2B3C,PackInSheltersEntranceMediumMansionSmallStorageCell,
00601444,,
00002872,PackInWildernessSandboxPackInSubStorageCell,
000083DA,PackInSLABMedRuralStorefront01StorageCell,
00175B82,COPY0102,
00181C16,,
001D88C2,PackInTESTWildernessCombatPackinSubStorageCell,
0020C672,,
0032154E,,
0033CACE,,
003BD5CA,,
003C72D2,zCUTBabylonAudioTestZone,Marker Cell
003CC85E,,
003DEB62,zCUTTestCharGenTrailer,Quick Test Cell
005AE172,PackInATXNukaColaMachineDoorPCKNStorageCell,
005EB0D6,,
00605012,PackInATXFenceGateRedCedarDying256PKINStorageCell,
0001D118,COPY0259,
00083FF8,PackInLvlBloatflyAmbushGroundPackInStorageCell,
00085D44,PackInPACKToxicShrubGroupSm03StorageCell,
00123E90,COPY0060,
001833F4,COPY0125,
002105C4,,
0030392C,,
0032BC24,PackIn76LoadElevatorUtility02ButtonsStorageCell,
00331BD8,,
0034D9F0,zCUTTestAlan,Quick Test Cell
0035A830,zCUTTestJustinMScripting,Quick Test Cell
003EA23C,zCUTWarehouseRespawnTest,Quick Test Cell
0041CC64,zCUTRaRaPrototypes06,Quick Test Cell
004FA938,,
00513168,,
0051AD3C,PackInMSiloOperationsConsoleCabMid03StorageCell,
00592EB8,zCUTTestOrionPlatformHelpers,Quick Test Cell
005B30C8,zCUTProtoExpo02,Quick Test Cell
005DB488,PackInATXGuttedCarGatePackInStorageCell,
005EE150,PackInSuperMutantTubePackInStorageCell,
000028EA,,
00088A9E,zCUTTestBruce,Quick Test Cell
000A5E96,PackInLvlFEVHoundDefaultPackInStorageCell,
001269F6,zCUTTestWill,Quick Test Cell
00181C2A,,
00197386,zCUTTestJayLChar,Quick Test Cell
0019F4D2,COPY0220,
00220032,,
002B8BF2,PackInWorkshopKeypadShackPoweredGate02WhitepackinStorageCell,
0032B4C2,,
003A124E,PackInPackFragMineScorchedStorageCell,
003B0802,,
003BCC7E,,
003CD8DA,zCUTMorgantownAirportTerminal01,Morgantown Airport Terminal
003EA502,,
003FEBF6,PackInE01BEncryptidPylonPackIn03StorageCell,
0051AD46,PackInMSiloOperationsConsoleLeft03StorageCell,
005A29EE,PackInF1SurvivalTentRaiderStorageCellDUPLICATE001,
005A609E,COPY0002,
005C895A,PackInSheltersEntranceVaultReceptionSmallStorageCell,
005E9466,PackInTurretBubbleWallPackInStorageCell,
00001698,PackInWorkshopPACKWrhsPrefab01StorageCell,
000028F4,,
0000E0F0,PackInFEVDecalTrap02StorageCell,
00017F88,,
00027DD4,zCUTTestKurtREScene,Quick Test Cell
0008C090,COPY0272,
001DFAF0,,
0020CD34,,
0020F124,zCUTWarehouseMusic,Quick Test Cell
002BA434,,
003A62D0,zCUTOrion,Quick Test Cell
003C45A0,,
003DE5A4,,
00423BCC,PackInLGTv94SScagelightReactorStorageCell,
00427C40,zCUTDebugJPickett,Quick Test Cell
004517D4,PackInStorageCellDUPLICATE000DUPLICATE000,
0051AD50,PackInMSiloOperationsConsoleCorner07StorageCell,
005396C4,,
005913D8,PackInFloaterAmbushPackInStorageCell,
005DBDFC,PackInATXDisplayMannequinRackMaleRedStorageCell,
0000257A,PackInPACKToxicBasinGroupSm03BridgeStorageCell,
00004CEE,zCUTUnusedVault12004COPY0000,Vault 120 Research Station
00018316,,
001089F6,COPY0043,
001228CE,PackInPACKMtnTopPines03StorageCell,
001862F2,,
001A45C2,COPY0244,
001DFAFA,,
001F8A96,PackInGenericExteriorClutter27StorageCell,
002233D6,,
0022443E,,
0022E33A,,
002C38AE,zCUT76AITestCellGrafton,Quick Test Cell
0033E2CA,,
003D6656,,
003F754A,PackInTestPosterBoardPackInStorageCell,
0042F116,zCUTW05MQ101PATest,Quick Test Cell
004501FE,PackInLvlWendigoAmbushPackInStorageCell,
00519B62,PackInCrashedSatelliteWreckagePackinStorageCellDUPLICATE001,
0051AD5A,PackInMSiloOperationsConsoleSingleShort01StorageCell,
005275BE,,
00528A0E,,
005350E2,DebugEllysT,Quick Test Cell
000073A5,zCUTGeneralAtomicsPlant01,Quick Test Cell
0009BC35,,
000CBF4D,COPY0001,
001228D9,PackInPACKMtnTopShrubsSmall03StorageCell,
00181C49,,
00183161,COPY0189,
0018AE61,PackInMultiBarredDoorSinglePackIn01StorageCell,
00192DB9,PackInBld03FrontBrickACom01PackInStorageCell,
00195B09,COPY0205,
001A281D,,
001C7785,COPY0333,
001DFB05,,
001F8AA1,,
002112D1,,
0022D2DD,,
003DE6E5,,
004DE24D,,
0051AD65,PackInMSiloOperationsConsoleSingleTall16StorageCell,
005ACC29,,
0000258F,PackInPACKToxicBasinGroupSm02StorageCell,
000028AF,,
000067F7,PackInPACKMtnRemovalBurningCliffSM02FXStorageCell,
00011CD3,PackInPACKForestTreeX04bStorageCellDUPLICATE000,
00089427,PackInBloodbugFeedBrahminCorpseStorageCell,
00090C13,,
0009ED13,PackInToxicVentLG01FXlgPKNStorageCell,
001857B3,PackInPACKToxicTreeClusterMed02aStorageCell,
00192DC3,COPY0196DUPLICATE000,
00195B13,COPY0200DUPLICATE000,
001C0133,PackInPowerLiftMiniCartPackInStorageCell,
001C778F,COPY0328,
001F8AAB,,
002112DB,,
00211D67,PackInGenericExteriorClutter47StorageCell,
0021CA73,,
00275BD7,,
00318D37,zCUTBabylonTestArea,Marker Cell
003ADEC3,,
003F3167,zCUTVault96Gear,Vault 96 Entrance
00455993,zCUTVault94GECK,Vault 94 G.E.C.K. Wing
004DE257,,
0051AD6F,PackInMSiloOperationsConsoleSingleTall06StorageCell,
005AA8A7,zCUTObservatoryLower01OLD,ATLAS Observatory Basement
005DB4BB,,
000043AD,PackInPACKToxicTreeStumpBranches01StorageCell,
000046CD,zCUTTestPurkeyMine01,Quick Test Cell
0000C305,PackInSLABMedChurch01StorageCell,
0011C745,zCUTTestEncounters2,Encounter Test Cell
001215C9,,
001C7799,COPY0323,
00275FC9,,
005D2A19,,
000017F7,PackInPACKFloraBleachDogwood01GroupStorageCell,
000041C3,zCUTTestPhilS01,Quick Test Cell
00013DB7,,
0001B477,,
00022F1F,,
0004AD67,PackInNukaColaMachineStorageCellDUPLICATE000,
00093B6B,,
0009533F,,
00123DAB,PackInCorpseYaoGuai01forFeedingStorageCell,
0012A0E3,,
0017B73B,PackInTestScorchBeastkAmbushFissureCrawlOutStorageCell,
001814FB,PackInLC060EncPackInStorageCell,
001B193F,COPY0310,
002252DB,PackInCanneryRetort01PackInStorageCell,
00275BEB,,
0035A29B,,
003C3377,,
0042D583,zCUTTestPoseidonPlant02,Poseidon Energy Plant Expansion
00485CBF,PackInStorageCellDUPLICATE005,
00568E57,PackInREGravePackinStorageCell,
00586D3F,PackInDenizenPackInScavengerLumberjackStorageCell,
006003D3,PackInATXFenceIronGate128PCKNStorageCellDUPLICATE000,
0061F9C7,PackInATXRustedChainLinkGate256PKINStorageCell,
0000E7D1,zCUTVault9402OLD,Vault 94 OLD
0000ED49,76HoldingCellMD02,Quick Test Cell
00011B61,zCUTStartCell01,Quick Test Cell
00031155,,
000ED959,COPY0046,
00170F4D,COPY0093,
0017EA71,,
00181C0D,,
001D477D,PackInPACKMtnRemTreePines03DarkStorageCell,
0037D205,PackInworkshopTurretTripodpackinStorageCell,
003B9935,,
003C5AF5,,
003E27E5,,
00489ECD,,
005019A5,,
005262CD,,
00586D49,PackInDenizenPackInRaiderIntimidatorStorageCell,
00002873,PackInWildernessSandboxPackInMainStorageCell,
0015D6D7,,
00170F57,COPY0088,
00181C17,,
001D88C3,PackInTESTWildernessCombatPackinMainStorageCell,
0020B02F,,
0020C673,PackInGenericExteriorClutter35StorageCell,
002129AB,zCUTTestJP,Quick Test Cell
0032154F,,
0033CACF,PackInLGTWSR01KaOmniNSwarmpackinStorageCell,
0037D2D7,,
003CC85F,,
00453A17,zCUTVault94Gear,Vault 94 Entrance
0047AF63,76CellTemplate,Quick Test Cell
005ACC5B,zCUTSheltersUnusedBasicCave,Cave Shelter
005EB0D7,PackInLGTSheltersVATFloorLightStorageCell,
005EBFAF,PackInATXBoSRoundtablePackInStorageCell,
00609E97,PackInATXFenceIronGate128PCKNDUPLICATE000StorageCell,
00018551,,
0004D945,zCUTTestKurtRETravel,Quick Test Cell
00083FF9,PackInLvlBloatflyAmbushWallPackInStorageCell,
00085D45,PackInPACKToxicShrubGroupSm02StorageCell,
000A5E8D,PackInLvlViciousDogDefaultPackInStorageCell,
000ED071,COPY0045,
00122CFD,PackInPACKCranBogShrubGroupSm01StorageCell,
00146621,COPY0078,
001833F5,COPY0124,
00197C79,PackInV943BulkheadStorageCell,
0030392D,,
0032BC25,,
003F0511,PackInVltSecurityGateWideStaticPrefabStorageCell,
00402D29,zCUTDebugBradH,Quick Test Cell
0040A899,zCUTTestLousMine02,Quick Test Cell
0044D045,PackInworkshopWoodPlankFenceGate01StorageCell,
0051AD3D,PackInMSiloOperationsConsoleCabMid02StorageCell,
00564B45,DebugDobert03,Quick Test Cell
005C8AE1,PackInATXAmmoConverterpackinStorageCell,
00001243,76HoldingCellSQHorde,Quick Test Cell
00017DEF,76HoldingCellMD03,Quick Test Cell
0004722F,zCUTTestCharGen02,Vault 76
0008C087,COPY0276,
000A5E97,PackInLvlFeralGhoulDefaultPackInStorageCell,
000C4EAF,PackInLvlMirelurkHunterAggro1670GroundPackInStorageCell,
0014662B,PackInTrapGunWallHorizMissilePackinStorageCell,
00181C2B,,
00220033,,
002AC83F,,
002B8BF3,PackInWorkshopKeypadShackPoweredGate02RedpackinStorageCell,
0032B4C3,,
003A124F,PackInPackFragMinePlayerStorageCell,
003BCC7F,,
003EA503,,
003FEBF7,,
0051AD47,PackInMSiloOperationsConsoleLeft02StorageCell,
005A29EF,PackInF1SurvivalTentRaiderStorageCellDUPLICATE000,
005C895B,PackInSheltersEntranceVaultServerRoomSmallStorageCell,
0061D2DF,,
0000E0F1,PackInFEVDecalTrap01StorageCell,
00018821,PackInTestPrefabRotation02StorageCell,
00018885,PackInTelephonePoleStarterPack01StorageCell,
00110305,COPY0044,
001466FD,PackInTrapGunWallVertMissilePackinStorageCell,
001862E9,PackInTestLLFTestFloraPackinStorageCell,
001C7771,COPY0343,
001DFAF1,,
0020CD35,,
0020F05D,,
002BA435,,
00348BE5,PackInBabylonTestPackin02StorageCell,
003C45A1,,
003DE5A5,,
00423BCD,PackInLGTv94sublightterminalSeedbankStorageCell,
0051AD51,PackInMSiloOperationsConsoleCorner06StorageCell,
00528555,76HoldingCellWhitespringGrounds,Quick Test Cell
005396C5,,
005B4DC5,zCUTSheltersUnusedWaterfallCave,Waterfall Cave Shelter
005DBDFD,PackInATXDisplayMannequinRackMaleYellowStorageCell,
00604285,,
00605031,PackInATXCollectronPackInRedRocketPumpStorageCell,
000186FF,PackInPACKToxicCreeperMed01StorageCell,
000724E3,PackInPACKMtnRemPineFallen02aStorageCell,
000732F3,COPY0267,
001715BF,COPY0098,
00195AFF,COPY0210,
0019DB83,COPY0214,
001C777B,COPY0338,
001DFAFB,,
001E6D6F,,
001F8A97,,
002112C7,,
002233D7,,
0022B5EB,,
0022E33B,,
00275C27,,
0033E2CB,,
003A90F3,76HoldingCellWarehouseHostileDetection,Quick Test Cell
003BDAA3,,
003D6657,,
0042F117,zCUTW05MQ101PBTest,Quick Test Cell
004EAEF3,zCUTWarehouseSignsCustom,Quick Test Cell
0051AD5B,PackInMSiloOperationsConsoleSingleTall26StorageCell,
005275BF,,
00528A0F,,
005350E3,DebugCarlM,Quick Test Cell
005544E3,,
00011D92,,
001228DA,PackInPACKMtnTopShrubsSmall02StorageCell,
0014056A,PackInTreeMapleForest01CrowMarkerPackinStorageCell,
0018179A,,
00181BE6,,
0019F8DA,COPY0225,
001A45CE,COPY0238,
001DFB06,,
001F8AA2,,
002112D2,,
00275C32,,
00275CFA,,
002FF5C2,zCUTVaultSystemHoldingCell,Vault System Holding Cell
00335F32,,
003DE6E6,,
004DE24E,,
0051AD66,PackInMSiloOperationsConsoleSingleTall15StorageCell,
00594A3A,PackInATXCAMPUtilityWaterWellPIStorageCell,
005ACC2A,PackInSheltersEntranceLargeTestGazeboStorageCell,
0060209E,PackInATXBarrierRedBrickGate128PKINStorageCell,
000028B0,,
000043A4,PackInPACKToxicTreeStump02StorageCell,
0000572C,zCUTBigFredsBBQShack01,Quick Test Cell
000067F8,PackInPACKMtnRemovalBurningCliffSM01StorageCell,
00007860,zCUT76PVEPlayground,76 PVE Wave Defense
00011CD4,PackInPACKForestTreeXDUPLICATE000StorageCell,
0001819C,,
0001CF58,,
0004A458,zCUTTestJasonOld,Quick Test Cell
000584F4,PackInWorkshopPACKWrhsWallDoorMed02StorageCell,
00091B50,,
000A342C,PackInLvlFeralGhoulAmbushCrawlFlatPackInStorageCell,
0017B278,zCUTWarehouseCreatureClutter,Quick Test Cell
001A45D8,COPY0233,
001B0B1C,COPY0309,
001F8AAC,,
002112DC,,
00211D68,PackInGenericExteriorClutter46StorageCell,
0021CA74,,
00275BD8,,
00275FC0,,
002ABEA4,PackInPackinDecoPlanter01aStorageCell,
0038F2F8,DebugJustinM,Quick Test Cell
004DE258,,
0051AD70,PackInMSiloOperationsConsoleSingleTall05StorageCell,
00548F54,zCUTTestZachGreebs,Quick Test Cell
005DB4BC,PackInATXDisplayPowerArmorYellowStorageCell,
005FD094,PackInATXRedRocketCollectronPackInStorageCell,
0000C306,PackInSLABSmallStore02StorageCell,
00015BC2,,
00068BE2,,
00090C1E,,
0009F426,PackInPrewarFancyBureauWithDoorsStorageCell,
000E67FE,COPY0037,
001A45E2,COPY0228,
001B0B26,COPY0304,
0030076A,,
003264E2,zCUTDebugJason,Test Combat
006039B2,PackInPROXYFenceGate128PKINStorageCell,
00002D10,zCUTDebugPurkey01,Quick Test Cell
0000E124,PackInPACKToxicTreeClusterMed01StorageCell,
00013200,zCUTTESTJOHNV01,Quick Test Cell
0001B478,,
0001D41C,PackInRaiderPatrolPackStorageCell,
00053044,zCUT76AITestCellMegasloth,Quick Test Cell
00093D60,zCUTTestKurtREAssault,Quick Test Cell
00112728,PackInCZSpotlightMainStorageCell,
0012A0E4,,
0012DFC8,PackInPACKMtnTopBoulderStacksStorageCell,
001A8CA0,COPY0252,
001B0B30,COPY0298,
002C60B0,PackInworkshopCollectorAmmopackinStorageCell,
00394258,PackInVTecAgCenterFertilizerStoragePackInStorageCell,
003A1B24,,
003BA354,,
00468C4C,DebugChrisM,Quick Test Cell
00485CC0,PackInStorageCellDUPLICATE004,
00586D40,PackInDenizenPackInScavengerFarmerStorageCell,
005D2B50,PackInATXBoSDoorPCKNStorageCell,
0000ED4A,76HoldingCellMD,Quick Test Cell
0001358E,PackInPACKForestTreeX04bStorageCell,
000937F2,,
00108642,PackInCircuitBreakerPackInStorageCell,
0014935E,PackInFireAlarmLightNSExteriorPackInStorageCell,
00181C0E,,
001D477E,PackInPACKMtnRemTreePinesFallen02DarkStorageCell,
001E1DF2,,
001F6B26,,
00275BF6,,
00380E92,,
003B9936,,
003C5AF6,,
003E27E6,,
003F062A,PackInVaultSeedBankOffStorageCell,
00406B96,zCUTTestZach02,Quick Test Cell
00489ECE,,
005262CE,,
00586D4A,PackInDenizenPackInRaiderButcherStorageCell,
005B524E,PackInSheltersEntranceCaveLargeStorageCell,
0000F1A0,zCUTDebugKurt01,Quick Test Cell
00018098,zCUT76WorkshopTest,Quick Test Cell
0001C3C8,PackInPACKFloodlandsLogs01StorageCell,
00085D3C,PackInPACKToxicShrubGroupMed01StorageCell,
000928C0,PackInDMPWeapGunPistolAllStorageCell,
001404D4,PackInGurney01WithCushionStorageCell,
0015D6D8,,
00181C18,,
0020B030,,
0020C674,,
00321550,,
0033CAD0,,
003CC860,,
00559B74,76HoldingCellCompanion,Quick Test Cell
005B7AF8,WarehouseEWSModule,Quick Test Cell
00634710,,
000088FA,,
00014222,PackInForestPackLog01StorageCell,
00083FFA,PackInLvlBloatflyAmbushCeilingPackInStorageCell,
00085D46,PackInPACKToxicShrubGroupSm01StorageCell,
00122CFE,PackInPACKCranBogShrubMushrmSm02StorageCell,
00132A1E,PackInMonoRailStation02StorageCell,
0015D6E2,PackInClutterPIToolRackGarage01withTools03StorageCell,
001833F6,COPY0123,
0019F4CA,COPY0224,
0030392E,,
003F0512,PackInVltSecurityGateStaticPrefabStorageCell,
00405D36,PackInWorkshopDisplayGenericDisplayTall02PackinStorageCell,
00413026,zCUTRaRaPrototypes05,Quick Test Cell
0043A1EE,PackInLGTWSBSignPackinStorageCell,
0051AD3E,PackInMSiloOperationsConsoleCabMid01StorageCell,
0051E9CA,PackInWorldMapTravelSystemLightboxStorageCell,
006127BE,,
0000E340,PackInPACKToxicTreeClusterSm01StorageCell,
0006F8AC,,
000A5E98,PackInLvlBloodbugDefaultPackInStorageCell,
000C4EB0,PackInLvlMirelurkHunterAggro1200GroundPackInStorageCell,
0012D5C8,COPY0041,
00181C2C,,
0019F4D4,COPY0219,
001DAF84,zCUTTestEncounterSetup,Quick Test Cell
00220034,,
002B8BF4,PackInWorkshopKeypadShackPoweredGate02BluepackinStorageCell,
0032B4C4,,
003BCC80,,
003DE790,76HoldingCellMSilo,Quick Test Cell
003EA504,,
003FEBF8,PackInE01BEncryptidPylonPackIn01StorageCell,
0047D304,zCUTVault9602,Vault 96
0051AD48,PackInMSiloOperationsConsoleLeft01StorageCell,
005A29F0,PackInF1SurvivalTentRaiderStorageCell,
0062173C,,
000072CA,,
0001B2B6,COPY0256,
0003D97E,PackInLvlMirelurkAmbushWaterPackInStorageCell,
00058986,PackInPortADinerPackinStorageCell,
00192B4E,COPY0196,
001A45BA,COPY0248,
001DFAF2,,
00203B1E,,
0020F05E,,
002BA436,,
003A577E,PackInFissureSetupPackinStorageCell,
003FFC06,zCUTW05MQ102PTest,Quick Test Cell
00423BCE,PackInLGTv94SScagelightSeedbankStorageCell,
004E21E6,,
0051AD52,PackInMSiloOperationsConsoleCorner05StorageCell,
0051BD56,,
005275B6,,
0052ACCA,,
005994C2,,
00632212,,
001A45C4,COPY0243,
001DFAFC,,
001E6D70,,
001F8A98,,
002112C8,,
002233D8,,
0022E33C,,
002487F0,,
00275C28,,
00275E80,,
0033E2CC,,
003B18E4,,
003D6658,,
003EFB6C,zCUT76NPCTest,Quick Test Cell
00405EE4,PackInLGTv94cagelightStorageCell,
0043CAAC,zCUTTestMeganMTX,Quick Test Cell
0051AD5C,PackInMSiloOperationsConsoleSingleTall25StorageCell,
00528A10,,
0052A4A0,WarehouseSystems,Quick Test Cell
005544E4,,
005A33C8,DebugJustinN,Quick Test Cell
0001C397,PackInMutantPackinTestStorageCell,
0006F60F,zCUTTestLiam01,Quick Test Cell
00090C0B,,
001228DB,PackInPACKMtnTopShrubsSmall01StorageCell,
0017D853,COPY0289,
00181BE7,,
00192DBB,PackInBld03CornerBrickACom01PackInStorageCell,
00195B0B,COPY0204,
001C7787,COPY0332,
001F8AA3,,
002112D3,,
0021CA6B,,
00275C33,,
00306EDB,zCUTDebugJasonMags,Test Combat
00324F53,,
0033C77F,,
003C5EB7,,
003DE6E7,PackInHardPointUltracite01PackInStorageCell,
003F0667,zCUT76RandomConvoTest,Quick Test Cell
0047F9CF,zCUTVault9603,Vault 96
004DE24F,,
0051AD67,PackInMSiloOperationsConsoleSingleTall14StorageCell,
005B7167,PackInSheltersEntranceMansionLargeStorageCell,
005F5FA7,DebugJohnB,Quick Test Cell
0060209F,PackInATXBarrierRedBrickGate256PKINStorageCell,
00002339,PackInPACKToxicBasinGroupMed02StorageCell,
000028B1,,
00003AA9,PackInPACKToxicTreeClusterMed05StorageCell,
000043A5,PackInPACKToxicTreeStump01StorageCell,
000067F9,PackInPACKMtnRemBurningCliffLG03StorageCell,
00018E1D,DebugCorrie,Quick Test Cell
000584F5,PackInWorkshopPACKWrhsWallDoorMed01StorageCell,
000611F9,,
0008C0B1,COPY0268DUPLICATE000,
0017DBE1,,
00192DC5,PackInBld02CornerBrickACom02PackInStorageCell,
001C7791,COPY0327,
001F8AAD,,
00209DAD,zCUTTestJustin,Quick Test Cell
002112DD,,
00211D69,,
0021CA75,,
00275BD9,,
003E6581,,
003FA9B9,zCUTTestZach03,Quick Test Cell
0040F5C1,76HoldingCellWayward,Quick Test Cell
004333F9,PackInScorchedStatuePackin01StorageCell,
0051AD71,PackInMSiloOperationsConsoleSingleTall04StorageCell,
0057D7F5,zCUTTestOrionGraftonSteelUnderground01,Quick Test Cell
005DB4BD,PackInATXDisplayPowerArmorRedStorageCell,
00623BB9,PackInSCORES5COMPPackinCampObjectInspectorPKINCOPY0000StorageCell,
00007933,DebugNateE,Quick Test Cell
0000C307,PackInSLABSmallStore01StorageCell,
000187E7,PackInPACKToxicCreeperSm01StorageCell,
00056493,PackInRoundLampandBeamStorageCell,
0008B567,PackInLewisburgCarnegieHallStarterPackStorageCell,
00115983,PackInPACKCranBogShrubGroupSm03StorageCell,
0015D6BB,,
00181C5F,,
001C779B,COPY0322,
00275BE3,,
003B25E7,zCUTTestHunterHunted,Quick Test Cell
0055E337,zCUTZachTest05,RobCo Auto-Supply Cache #001
006039B3,,
00620F3B,PackInATXCollectronpackinFETCHStorageCell,
00000025,NavMeshGenCell,
00013DB9,,
0001F7A9,76QASmoke02,Quick Test Cell
00058955,76HoldingCellMarkers,Quick Test Cell
0007D27D,PackInLvlBloodbugAggro650CeilingShortPackInStorageCell,
000B2545,COPY0283DUPLICATE000,
00123DAD,PackInCorpseMolerat01forFeedingStorageCell,
0015D6C5,,
00170F45,COPY0097,
0018F0E9,PackInPOITrainStationPrefab06StorageCell,
001D4775,PackInPACKMtnRemTreePinesShortSparseDarkStorageCell,
001E48E1,,
00275BED,,
00332A31,zCUTTestEncounterTurfSetup,Quick Test Cell
003A1B25,,
003BA355,,
003EFD25,zCUT76AnimArchetypeTest,Quick Test Cell
00426951,zCUTW05MessageTest,Quick Test Cell
0042FDC1,PackInPACKMtnTopPines01DistantStorageCell,
005262C5,,
0056BAE1,COPY0005,
00586D41,PackInDenizenPackInSettlerFarmerStorageCell,
005A70E1,,
0000E12F,PackInPACKToxicTreeClusterSm05StorageCell,
0000ED4B,,
0001358F,PackInPACKForestTreeX04StorageCell,
0006DE63,76HoldingCellEnclave,Quick Test Cell
0008BBBB,COPY0268,
000A2E0B,PackInMetalBarrelRadioactive02PACKStorageCell,
0011B243,PackInFEVDecalTrap03StorageCell,
00133D93,,
00170F4F,COPY0092,
00181C0F,,
00190CAF,COPY0195,
001D477F,PackInPACKMtnRemTreePines02DarkStorageCell,
00380E93,,
003B9937,,
003E27E7,,
004521D7,PackInStorageCellDUPLICATE003,
005262CF,,
0054EB3F,76HoldingCellCompanionAstronaut,Quick Test Cell
00586D4B,PackInDenizenPackInRaiderCamperStorageCell,
005A3333,PackInF1SurvivalTentSettlerStorageCell,
005ACA5F,PackInATXRedRocketGaragePowerArmorStorageCell,
0001C3C9,PackInPACKFloodlandsRocks02StorageCell,
0003BDA5,,
0004721D,zCUTTestCharGen04,Vault 76
0011CE6D,76HoldingCellRE,Quick Test Cell
0015D6D9,,
00181C19,,
001F9629,,
0020B031,,
00275EBD,,
00321551,,
0032BC1D,PackIn76LoadElevatorHiTechPackIn04ButtonsStorageCell,
0032C005,,
0033CAD1,PackInLGTWSRroomtmplatepackinStorageCell,
00390005,PackInWorkshopKeypadFloorSafe01packinStorageCell,
003AB139,,
003C9661,zCUTTestCharGenRoom,Quick Test Cell
003CC861,,
00404AD1,zCUTW05MQS203PTest,Quick Test Cell
00465421,zCUTVault96OLD,Vault 96
005A2B09,DebugVeronicaH,Veronica's Test Cell
005ADC61,PackInSheltersTestEntranceSnapTestMultipleStorageCell,
00620A45,PackInATXFenceGateHedgeRedCedar128PKINStorageCellDUPLICATE000,
000088FB,PackInWorkshopPACKWrhsPrefab02StorageCell,
00014223,,
0001CF8B,,
0003E0D7,PackInPfbDoorChained01StorageCell,
00083FFB,PackInLvlMirelurkAmbushDirtPackInStorageCell,
000A5E8F,PackInLvlSupermutantDefaultPackInStorageCell,
00122CFF,PackInPACKCranBogShrubMushrmSm01StorageCell,
001244D3,PackInBoatFishing01PackInStorageCell,
0012954B,zCUTTestDrewPowerPlants,Quick Test Cell
00146623,COPY0077,
00157F63,WarehouseWorkbenches,Quick Test Cell
0015D6E3,,
0017F44B,76HoldingCellDQObjectName,Quick Test Cell
001833F7,COPY0122,
0022FEDB,,
0030392F,,
003F0513,PackInVltSecurityGate02StaticPrefabStorageCell,
00405D37,PackInWorkshopDisplayGenericDisplayTall01PackinStorageCell,
00413027,zCUTRaRaPrototypes04,Quick Test Cell
0051AD3F,PackInMSiloOperationsConsoleCabCluster04StorageCell,
0059ABBB,,
00002375,PackInPACKToxicBasinGroupMed01StorageCell,
00006835,zCUTTestJaySpawnActor,Quick Test Cell
0008C089,COPY0275,
000A1399,PackInLvlFeralGhoulAmbushLayPackInStorageCell,
000A5E99,PackInLvlBloatflyDefaultPackInStorageCell,
000C4EB1,PackInLvlMirelurkHunterAggro800GroundPackInStorageCell,
00120211,PackInPACKCranBogShrubGroupSm05StorageCell,
0012D5C9,COPY0039,
0014662D,PackInTrapGunWallHorizShotgunPackinStorageCell,
001A7045,COPY0290,
00207A5D,76HoldingCellRegionSavageDivide,Quick Test Cell
00230331,,
002CA021,,
0032B4C5,,
003EA505,,
003F646D,zCUT76SandboxTest,Quick Test Cell
004852C1,,
0048683D,PackInStorageCellDUPLICATE006,
0051AD49,PackInMSiloOperationsConsoleRight04StorageCell,
00590369,zCUTClarksburgPharmacy01,Clarksburg Pharmacy
000028F7,,
00021BCB,,
001466FF,PackInTrapGunWallVertAutoPackinStorageCell,
00181C37,,
001862EB,PackInTrapBowWallVertPackinStorageCell,
001C7773,COPY0342,
0020F05F,,
002BA437,,
003DE5A7,,
00423BCF,PackInLGTv94sublightwallSeedbankStorageCell,
0046281B,zCUTVault96Main,Vault 96
0051AD53,PackInMSiloOperationsConsoleCorner04StorageCell,
0051BD57,,
005275B7,,
0052ACCB,,
0056901B,COPY0006,
0057794F,,
005994C3,,
00002389,PackInPACKToxicBasinGroupMed03StorageCell,
00003261,zCUTWhitespringBunkerOld,Whitespring Bunker OLD
0000F809,zCUTDebugDaryl01,Quick Test Cell
0014F601,PackInLvlMoleratSandboxWithRespawnPackInStorageCell,
0015A1E1,PackInFloorTypesPackInStorageCell,
00195B01,COPY0209,
0019DB85,COPY0213,
001C777D,COPY0337,
001DFAFD,,
001E6D71,,
001F8A99,,
002112C9,,
002233D9,,
0022E33D,,
00275C29,,
0028FA9D,,
003B18E5,,
003D6659,,
00405EE5,PackInLGTv94sublightStorageCellDUPLICATE000,
00426735,zCUTW05DialogueTest,Quick Test Cell
0043363D,PackInWindChimeWithSupporAndBeacontPackInStorageCell,
0051AD5D,PackInMSiloOperationsConsoleSingleTall24StorageCell,
00528A11,,
005544E5,,
0008C0A8,COPY0270,
001228DC,PackInPACKMtnTopPineFallen01StorageCell,
0014056C,PackInTreeMapleForestsmall1CrowMarkerPackinStorageCell,
00141700,COPY0072,
00180A54,PackInREPackInCampStorageCell,
00181BE8,,
00181C4C,,
001A45D0,COPY0237,
001DFB08,,
001F8AA4,PackInGenericExteriorClutter13StorageCell,
002112D4,,
0021CA6C,,
00275C34,,
00324F54,,
003852C8,,
003C5EB8,PackInPlayerHouseRuinKitchenCounter01WhitePackInStorageCell,
003C943C,PackInworkshopWrhsStairsWithFoundation01RPACKINStorageCell,
004DE250,,
0050A300,PackInTESTDEBUGRSVPcontrolStorageCell,
0051AD68,PackInMSiloOperationsConsoleSingleTall13StorageCell,
0051B9E8,zCUTDebugTrevorS,Quick Test Cell
005B7168,PackInSheltersEntranceBoSBunkerLargeStorageCell,
00014062,zCUTTestLiz,Quick Test Cell
0001819E,,
00116EF6,WarehouseQDTraining,QD Training Warehouse
001184D6,COPY0053DUPLICATE000,
0018F13A,PackInPOITrainStationPrefab01StorageCell,
001A45DA,COPY0232,
001B0B1E,COPY0308,
001B88E6,COPY0318,
001D8006,PackInworkshopPACKPerimeterWall02WallsShackStorageCell,
001F8AAE,,
002112DE,,
00211D6A,,
0021CA76,,
00275BDA,,
00275D06,,
003E6582,,
004333FA,PackInScorchedStatuePackin02StorageCell,
004862EE,PackInStorageCellDUPLICATE004DUPLICATE000,
0051AD72,PackInMSiloOperationsConsoleSingleTall03StorageCell,
0053D43A,zCUTTestLousMine,Quick Test Cell
0000C308,,
00031D60,zCUTTestPhysics,Quick Test Cell
00090130,PackInPOITrainStationPrefabBlueBuilding01StorageCell,
0010E1FC,,
0015D6BC,,
00181C60,,
00191E94,PackInRelayTowerPackInStorageCell,
001A45E4,COPY0227,
001A66B4,zCUTWarehouseClutter,Quick Test Cell
001B0B28,COPY0303,
00586D38,PackInDenizenPackInSettlerBuilderStorageCell,
005A1CDC,zCUTDebugPaths,Animation Test Cell
005B36E4,zCUTSheltersUnusedGreenhouse,Greenhouse Shelter
006039B4,,
00013DBA,PackInForestPackBoulders01StorageCellDUPLICATE001,
00015656,zCUTTestRender01,Quick Test Cell
0001B47A,,
0007D27E,PackInLvlBloodbugAggro650CeilingTallPackInStorageCell,
001204A6,PackInPACKMtnTopPines04StorageCell,
001B0B32,COPY0297,
001E48E2,,
001F6B1E,,
00275BEE,,
0036DABA,zCUTSpruceKnobMissileSilo01OLD,Missile Silo Charlie
003A1B26,,
003BA356,,
003DCD3E,,
003E5402,PackInCritterBSandboxPackInStorageCell,
0042FDC2,PackInPACKMtnTopPines03DistantStorageCell,
004E8426,,
005262C6,,
0056BAE2,PackInLGTv96SScagelightEngineeringWarmStorageCell,
00586D42,PackInDenizenPackInScavengerDrunkStorageCell,
0000E130,PackInPACKToxicTreeClusterSm04StorageCell,
00014210,PackInForestPackLog02aStorageCell,
00057128,PackInLvlMoleratAmbushLongStorageCell,
00069814,COPY0253,
0008F5F0,,
000A2E0C,PackInMetalBarrelRadioactivePCK01StorageCell,
00149360,PackInFireAlarmLightNSPackInStorageCell,
00175B7C,COPY0105,
00181C10,,
001D4780,PackInPACKMtnRemTreePines01DarkStorageCell,
00275BF8,,
003B9938,,
003E27E8,,
004521D8,PackInStorageCellDUPLICATE002,
004DF6C8,,
0050E6BC,WarehouseAmbushes,Quick Test Cell
0052C090,76HoldingCellMissionQuest,Quick Test Cell
00586D4C,PackInDenizenPackInRaiderBuilderStorageCell,
005B0624,zCUTProtoExpo01,Quick Test Cell
00004CCA,zCUTUnusedVault120AirlockCOPY0000,Vault 120
0001C3CA,PackInPACKFloodlandsRocks01StorageCell,
0004721E,zCUTTestCharGen03,Vault 76
0015D6DA,,
00164ADE,,
001F962A,,
0020B032,,
00275EBE,,
00321552,,
0032BC1E,PackIn76LoadElevatorHiTechPackIn03ButtonsStorageCell,
0032CEDE,zCUTTestMandi2,Mandi2 Test Cell
0033CAD2,PackInLGTWSRroomtmplatepackinoldStorageCell,
003CC862,,
0048A196,WarehouseFissureCell,Quick Test Cell
005ADC62,PackInSheltersTestEntranceSnapTestWallStorageCell,
00620A46,PackInATXFenceGateHedgeRedCedarDying256PKINStorageCellDUPLICATE000,
000028E4,,
0000D9D8,,
00018360,zCUTTestPowerSystem,Quick Test Cell
0001D11C,COPY0258,
0004BF80,zCUTTESTDanny,Quick Test Cell
00076730,WarehouseEncounterWave02,Quick Test Cell
000A5E90,PackInLvlStingwingDefaultPackInStorageCell,
0014D4B0,WarehouseCombat,Quick Test Cell
0015D6E4,,
001833F8,COPY0121,
001856BC,zCUTTestJasonWendigo,Test Combat
0019F4CC,COPY0223,
002BDB38,,
003F53FC,zCUT76AITestCellSheepsquatch,Quick Test Cell
00405D38,PackInWorkshopDisplayGenericDisplayShort01PackinStorageCell,
00413028,zCUTRaRaPrototypes03,Quick Test Cell
004E42A4,,
004E5500,,
0051AD40,PackInMSiloOperationsConsoleCabCluster03StorageCell,
0059ABBC,PackInATXWSTPKINCAMPDeployableRaiderStorageCell,
0000405E,,
0001A692,PackInPortaPottyPackinStorageCell,
000A139A,PackInLvlFeralGhoulAmbushCrawlPackInStorageCell,
000C4EB2,PackInLvlMirelurkHunterAggro512GroundPackInStorageCell,
0012D5CA,COPY0000,
00181C2E,,
0019F4D6,COPY0218,
00220036,,
002BA42E,,
0032676E,WarehouseSubStations,Quick Test Cell
0032B4C6,,
00382622,,
003C5346,,
003D08EA,,
003EA506,,
0051AD4A,PackInMSiloOperationsConsoleRight03StorageCell,
00570D76,zCUT76DebugNormGym,76 QA Smoke
005AD3DE,PackInATXCollectronpackinFasnachtStorageCell,
005DBDF6,PackInATXDisplayMannequinRackFemaleStorageCell,
000028F8,,
00002D44,,
00004D4C,zCUTUnusedVault12002COPY0000,Vault 120
00066E0C,zCUTTestEncountersTurrets,Quick Test Cell
00080320,zCUTTestRSears,Quick Test Cell
00181C38,,
0018278C,COPY0120,
001A45BC,COPY0247,
001DFAF4,,
00208DF0,zCUTGraftonDam01,Quick Test Cell
0020F060,,
002BA438,,
003533E0,,
00423BD0,,
004F9438,PackInworkshopPACKPerimeterWall02WallsShack01StairsNEWStorageCell,
0051AD54,PackInMSiloOperationsConsoleCorner03StorageCell,
0051BD58,,
00523D14,DebugCarlM02,Quick Test Cell
005275B8,,
0052ACCC,,
005565AC,PackInATXWorkshopPrewarPicketFenceGateStorageCell,
0056901C,COPY0007,
005994C4,PackInHumanDensityPassBloodEagleRoadblockPackInStorageCell,
0000257E,PackInPACKToxicBasinGroupSm01StorageCell,
00017A1E,zCUTTESTDanny2,Quick Test Cell
0010E5C6,zCUTTestConvertedMunitionsFactory01,Quick Test Cell
001228D2,PackInPACKMtnTopPineFallen02aStorageCell,
00122FDA,PackInPACKCranBogShrubGroupMed02StorageCell,
001277BA,PackInworkshopPACKTestGroupedinUngrouped01StorageCell,
0014F602,PackInLvlTickSandboxWithRespawnPackInStorageCell,
00181C42,,
001862F6,zCUTWarehouseLeveledPlaceableItems,Quick Test Cell
0018AE5A,PackInMultiBarredDoorSinglePackIn02StorageCell,
0018C17E,zCUTTestMaria,Quick Test Cell
001A45C6,COPY0242,
001DFAFE,,
001E6D72,,
001F8A9A,,
002112CA,,
0022E33E,,
0028FA9E,,
0033F462,,
0039F38A,,
003B18E6,,
003D665A,,
0043363E,PackInWindChimeWithBeaconPackInStorageCell,
004DE246,,
004E231E,DebugDobert,Quick Test Cell
0051AD5E,PackInMSiloOperationsConsoleSingleTall23StorageCell,
00528A12,,
005544E6,,
0056296A,,
0061D2F6,PackInYaoGuaiTubeStorageCell,
0061E03E,PackInATXCOMPPackinCampObjectMechanicStorageCell,
0008F759,,
00115971,,
001228DD,PackInPACKMtnTopPineStumps01StorageCell,
0017D855,COPY0287,
00181BE9,,
00192DBD,PackInBld03CornerBrickACom01Open01PackInStorageCell,
00195B0D,COPY0203,
0019FC61,,
001C7789,COPY0331,
001E59F5,,
001F8AA5,,
002112D5,,
0021CA6D,,
00275C35,,
00275E8D,,
002AF5B1,,
003C5EB9,,
003C943D,PackInworkshopWrhsStairsWithFoundation01LPACKINStorageCell,
004DE251,,
0051AD69,PackInMSiloOperationsConsoleSingleTall12StorageCell,
005867AD,PackInATXworkshopCollectorScavengepackinRaiderCOPY0000StorageCell,
005B7169,PackInSheltersEntranceRootCellarLargeStorageCell,
0000D5BF,PackInTESTTreePackInStorageCell,
00116EF7,76QASmoke,76 QA Smoke
00192DC7,PackInBld02CornerBrickACom01PackInStorageCell,
001A2443,76QuestSmoke,76 Quest Smoke Test
001C7793,COPY0326,
001F8AAF,,
002112DF,,
00211D6B,,
0021CA77,,
0034629F,WarehouseTestDefaultBehavior,Actor Ambush Testing
003E6583,,
0041CB6F,zCUTW05MQS205PTest,Quick Test Cell
004333FB,PackInScorchedStatuePackin03StorageCell,
004E99F3,,
004F52B7,PackInWorkshopFloraBlackberry02packinStorageCell,
0051AD73,PackInMSiloOperationsConsoleSingleTall02StorageCell,
005DCA3B,PackInSCORES2DisplayPowerArmorRackArmorAceStorageCell,
005FDDDF,PackInDailyOpsMode02PackInStorageCell,
000043B1,PackInPACKToxicShrubGroupMed06StorageCell,
0000C309,,
000141FD,,
0007C659,WarehouseVaultKit,Quick Test Cell
000815A5,zCUTWarehouseBathrooms,Quick Test Cell
0008C8F1,zCUTMPScriptTest,Quick Test Cell
0009BABD,,
000E8D81,COPY0040,
00115985,PackInPACKCranBogShrubGroupSm02StorageCell,
0012BAA5,COPY0059DUPLICATE000,
0017B541,COPY0106,
00181C61,,
001B1939,COPY0314,
001C779D,COPY0321,
00275BE5,,
003E08F9,DebugDavidM,Quick Test Cell
00456F1D,zCUTVault94Main,Vault 94
0052FEFD,PackInKlaxonLightNSPackInNoSoundStorageCell,
00536D25,PackInATXworkshopCollectorScavengepackinGoldStorageCell,
00544975,DebugSteveM02,Quick Test Cell
0054E80D,zCUTSecretResearchLaboratory01,Vulcan Research Laboratory
005B1E49,,
006039B5,,
0000EC7B,zCUTDebugJasonBobblehead,Test Combat
0001B47B,PackInPACKSwampStump01StorageCell,
0007D27F,PackInLvlBloodbugAggro650GroundPackInStorageCell,
00165F1B,,
00170F47,COPY0096,
0018F0EB,PackInPOITrainStationPrefab03StorageCell,
001E48E3,,
00292493,zCUTTestDrewSpells,Encounter Test Cell
0039C59B,,
003A1B27,,
003BA357,,
003DCD3F,,
003E5403,PackInCritterASandboxPackInStorageCell,
0042FDC3,PackInPACKMtnTopPines05DistantStorageCell,
005262C7,,
0054A933,zCUTDebugEventScoring,Quick Test Cell
0056BAE3,PackInLGTv96sublightterminalEngineeringWarmStorageCell,
00586D43,PackInDenizenPackInRaiderLooterStorageCell,
00006F85,PackInPACKMtnTopBoulders01StorageCellDUPLICATE000,
00057129,PackInLvlMoleratAmbushShortStorageCell,
000AECAD,COPY0283,
000E2805,zCUT76AITestCellMoleMiner,Quick Test Cell
00120259,,
00149361,PackInFireAlarmLightPackInStorageCell,
00170F51,COPY0091,
0017EA75,,
00181C11,,
001D4781,PackInPACKMtnRemShrubGroupSm03DarkStorageCell,
001D5E8D,,
0038A8E1,PackInWorkshopKeypadPowerPylonSwitch01packinStorageCell,
003B9939,,
003BD4FD,,
003E27E9,,
004521D9,PackInStorageCellDUPLICATE001,
005211F5,zCUTMissileSiloOLD,Quick Test Cell
005C8EB9,DebugBrianna,Quick Test Cell
0000EC8F,zCUTTestDaryl01,Test Daryl 01
00062547,76HoldingCellWorkshop,Quick Test Cell
000AB733,PackInIndCat1WayExtendablePairPackInStorageCell,
000B40B3,PackInEncSentryBotAmbushPackInStorageCell,
0012D5B7,76HoldingCellESSTemp,Quick Test Cell
0015D6DB,,
0018B0EF,PackInBarredDoorSinglePackIn02StorageCellDUPLICATE000,
0019FCF7,COPY0217DUPLICATE000,
001F962B,PackInGenericExteriorClutter29StorageCell,
00275EBF,,
00321553,,
0032BC1F,PackIn76LoadElevatorHiTechPackIn02ButtonsStorageCell,
00345D4F,76HoldingCellMoM,Mistress of Mystery Holding Cell
003A89C7,,
003CC863,,
0048CC2B,,
0052BB87,,
0057754B,,
005ADC63,PackInSheltersTestEntranceSnapTestFoundationStorageCell,
000074AD,PackInRelayTowerLootCachePackInStorageCell,
0000D9D9,PackInTestShackPackStorageCell,
00019BFD,,
00055EE1,PackInPregnantRoachCritterStorageCell,
00061F75,,
0008C081,COPY0277,
000A5E91,PackInLvlRobotDefaultPackInStorageCell,
000EB775,WarehouseTraps,Warehouse Traps
000FACC5,COPY0049,
00146625,COPY0076,
0015D6E5,,
001A70A1,PackInLvlMirelurkAmbushHiddenPackInStorageCell,
0022002D,,
003EA4FD,,
0040A89D,zCUTMireBunker01,New Hagerstown Greenhouse
00413029,zCUTRaRaPrototypes02,Quick Test Cell
00450505,PackInStorageCell,
004E42A5,,
0051AD41,PackInMSiloOperationsConsoleCabCluster02StorageCell,
00621735,PackInCaveCricketTubePackInStorageCell,
000028EF,,
0000405F,,
0001804B,,
000C4EB3,PackInLvlMirelurkHunterAmbushGroundPackInStorageCell,
0012D5CB,PackInPACKMtnRemovalBoulders03StorageCell,
001410A3,COPY0069,
0014662F,PackInTrapGunWallHorizRiflePackinStorageCell,
001466F7,PackInTrapGunWallVertPistolPackinStorageCellDUPLICATE001,
00181C2F,,
001A7047,COPY0292,
001F81EF,,
00203B17,,
00220037,,
0028D187,DebugSteveM,Quick Test Cell
002BA42F,,
0032B4C7,,
0038C583,76HoldingCellRegionMire,Quick Test Cell
003C5347,,
003DE59F,,
00403827,zCUTDebugCrackpotsHouse01,Quick Test Cell
0051AD4B,PackInMSiloOperationsConsoleRight02StorageCell,
005DBDF7,PackInATXDisplayMannequinRackFemaleBlueStorageCell,
005FEAFF,PackInWorkshopFloraPumpkin03packinStorageCell,
00608AC3,PackInATXFenceGateRedCedar128PKINStorageCell,
006218CF,PackInSCORES5COMPPackinCampObjectSuperMutantStorageCell,
0063220B,PackInFlatwoodsMonsterTubePackInStorageCell,
000028F9,PackInPACKToxicClutterTrashLg01StorageCell,
00004D4D,zCUTUnusedVault120COPY0000,Vault 120
0000B4D1,zCUTDebugSlabTestCell,Quick Test Cell
0000E415,,
00013299,,
000186F9,PackInPACKToxicCreeperMed02StorageCell,
0003D981,PackInLvlBloodbugAmbushWallPackInStorageCell,
00121929,zCUTVault63,Vault 63
001C7775,COPY0341,
0020F061,,
00249E2D,zCUTTestPurkey01,Quick Test Cell
00256FF1,,
002BA439,,
0030C711,,
003C2985,zCUT76TrailerInterior,Quick Test Cell
003C6D7D,,
00423BD1,,
0051857D,,
0051AD55,PackInMSiloOperationsConsoleCorner02StorageCell,
0051BD59,,
005275B9,,
0052ACCD,,
00530259,zCUTTestAlyssa,Quick Test Cell
0056901D,PackInLGTv96SScagelightResearchCoolStorageCell,
005994C5,PackInHumanDensityPassCultistShrinePackInStorageCell,
005D87B5,PackInFoosballTablePackInStorageCell,
0000238B,PackInPACKToxicBasinSm02StorageCell,
0006B6BF,zCUTTestPurkey02,Quick Test Cell
001228D3,PackInPACKMtnTopPines02StorageCell,
00122FDB,PackInPACKCranBogShrubGroupMed01StorageCell,
0014F603,PackInLvlRadRoachSandboxWithRespawnPackInStorageCell,
00167D07,COPY0087,
00195B03,COPY0208,
0019DB87,COPY0074,
001B4BE3,COPY0317,
001C777F,COPY0336,
001DFAFF,,
001E6D73,,
001F8A9B,,
002112CB,,
002141AB,,
0022E33F,,
00275C2B,,
002EE3E7,,
003D665B,,
003DCABF,,
004DE247,,
0051AD5F,PackInMSiloOperationsConsoleSingleTall22StorageCell,
00528A13,,
005544E7,PackInLGTv96SScagelightWarmStorageCell,
005A5883,zCUTSheltersUnusedBoSBunker,Bunker Shelter
