spaceFormID,spaceDisplayName,spaceEditorID,isWorldspace
100089,PackInPACKToxicCreeperMed02StorageCell,,0
100095,PackInPACKToxicCreeperMed01StorageCell,,0
100100,,,0
100327,PackInPACKToxicCreeperSm01StorageCell,,0
100385,PackInTestPrefabRotation02StorageCell,,0
100485,PackInTelephonePoleStarterPack01StorageCell,,0
1014863,COPY0047,,0
10156,TestGabe,TestGabe,1
10172,DebugZachW,Quick Test Cell,0
101917,DebugCorrie,Quick Test Cell,0
1027269,COPY0049,,0
10354,PackInWildernessSandboxPackInSubStorageCell,,0
10355,PackInWildernessSandboxPackInMainStorageCell,,0
10415,,,0
10416,,,0
10417,,,0
10430,,,0
10431,,,0
10468,,,0
10474,,,0
10479,,,0
10480,,,0
10484,,,0
10487,,,0
10488,,,0
10489,PackInPACKToxicClutterTrashLg01StorageCell,,0
105469,,,0
108178,PackInPortaPottyPackinStorageCell,,0
1082946,PackInCircuitBreakerPackInStorageCell,,0
1083894,COPY0043,,0
108480,,,0
108792,,,0
108830,,,0
108842,WarehouseTestEncounterTypes,Encounter Types Test Area,0
1088871,zCUTTestEncounters3,Observation Cell,0
109062,DebugMandi,Quick Test Cell,0
1103123,zCUTTestTony,Quick Test Cell,0
1103997,TestOutsource,Test Outsource,1
1106428,,,0
1107398,zCUTTestConvertedMunitionsFactory01,Quick Test Cell,0
111286,COPY0256,,0
1114885,COPY0044,,0
111733,PackInPACKSwampRockFungusCluster01StorageCell,,0
111735,,,0
111736,,,0
111738,,,0
111739,PackInPACKSwampStump01StorageCell,,0
111740,PackInPACKSwampRockCLuster01StorageCell,,0
1122843,zCUTDLC06VaultWorkshop,Vault 88,0
1124134,COPY0051,,0
1124136,PackInCZSpotlightMainStorageCell,,0
1137009,,,0
1137027,PackInPACKCranBogShrubGroupSm03StorageCell,,0
1137029,PackInPACKCranBogShrubGroupSm02StorageCell,,0
1142518,WarehouseQDTraining,QD Training Warehouse,0
1142519,76QASmoke,76 QA Smoke,0
1148118,COPY0053DUPLICATE000,,0
1153390,zCUTTESTDannyAmbush,Quick Test Cell,0
11536,zCUTDebugPurkey01,Quick Test Cell,0
1155711,COPY0057,,0
1155713,COPY0056,,0
115607,PackInMutantPackinTestStorageCell,,0
115656,PackInPACKFloodlandsLogs01StorageCell,,0
115657,PackInPACKFloodlandsRocks02StorageCell,,0
115658,PackInPACKFloodlandsRocks01StorageCell,,0
11588,,,0
11590,,,0
1159747,PackInFEVDecalTrap03StorageCell,,0
1165125,zCUTTestEncounters2,Encounter Test Cell,0
1166957,76HoldingCellRE,Quick Test Cell,0
1167350,,,0
1167351,zCUTTestAmbush,Ambush Test Cell,0
1180143,PackInPACKMtnTopBoulders02StorageCell,,0
1180177,PackInPACKCranBogShrubGroupSm05StorageCell,,0
1180182,,,0
1180249,,,0
1180293,,,0
1180352,PackInPACKMtnTopPineStumps02StorageCell,,0
1180613,PackInPACKMtnTopPines05StorageCell,,0
1180838,PackInPACKMtnTopPines04StorageCell,,0
11810,zCUTVault65,Vault 65,0
1185224,,,0
1185225,,,0
1186089,zCUTVault63,Vault 63,0
118616,,,0
118667,,,0
118714,,,0
1190094,PackInPACKMtnTopPines03StorageCell,,0
1190098,PackInPACKMtnTopPineFallen02aStorageCell,,0
1190099,PackInPACKMtnTopPines02StorageCell,,0
1190100,PackInPACKMtnTopPines01StorageCell,,0
1190101,PackInPACKMtnTopShrubs04StorageCell,,0
1190102,PackInPACKMtnTopShrubs03StorageCell,,0
1190103,PackInPACKMtnTopShrubs02StorageCell,,0
1190104,PackInPACKMtnTopShrubs01StorageCell,,0
1190105,PackInPACKMtnTopShrubsSmall03StorageCell,,0
1190106,PackInPACKMtnTopShrubsSmall02StorageCell,,0
1190107,PackInPACKMtnTopShrubsSmall01StorageCell,,0
1190108,PackInPACKMtnTopPineFallen01StorageCell,,0
1190109,PackInPACKMtnTopPineStumps01StorageCell,,0
119064,COPY0259,,0
119068,COPY0258,,0
1191165,PackInPACKCranBogShrubGroupSm01StorageCell,,0
1191166,PackInPACKCranBogShrubMushrmSm02StorageCell,,0
1191167,PackInPACKCranBogShrubMushrmSm01StorageCell,,0
1191898,PackInPACKCranBogShrubGroupMed02StorageCell,,0
1191899,PackInPACKCranBogShrubGroupMed01StorageCell,,0
1191900,PackInPACKCranBogLogGroup02StorageCell,,0
1191901,PackInPACKCranBogLogGroup01StorageCell,,0
1191902,PackInPACKCranBogTreeGroupMed01StorageCell,,0
1191903,,,0
1191904,PackInPACKCranBogTreeGroupSm02StorageCell,,0
1193360,COPY0058,,0
1195435,PackInCorpseYaoGuai01forFeedingStorageCell,,0
1195437,PackInCorpseMolerat01forFeedingStorageCell,,0
1195664,COPY0060,,0
1197267,PackInBoatFishing01PackInStorageCell,,0
119836,PackInRaiderPatrolPackStorageCell,,0
11987,DebugAlexBurback,TestCoryWorld,1
1202782,PackInTruckFlatbedMegaloaderStorageCell,,0
1206774,zCUTTestWill,Quick Test Cell,0
1210298,PackInworkshopPACKTestGroupedinUngrouped01StorageCell,,0
1210301,PackInworkshopPACKTestSinkDepthUngroupedStorageCell,,0
1210302,PackInworkshopPACKTestSinkDepthGroupedStorageCell,,0
1210303,PackInworkshopPACKBarnPrefab01StorageCell,,0
1217867,zCUTTestDrewPowerPlants,Quick Test Cell,0
1220835,,,0
1220836,,,0
1224843,PackInPACKMtnTopBoulderStack03StorageCell,,0
1226480,zCUTTestDrew2,Quick Test Cell,0
1227429,COPY0059DUPLICATE000,,0
1229214,zCUTTestRobertClutter01,,0
1234359,76HoldingCellESSTemp,Quick Test Cell,0
1234376,COPY0041,,0
1234377,COPY0039,,0
1234378,COPY0000,,0
1234379,PackInPACKMtnRemovalBoulders03StorageCell,,0
1234380,PackInPACKMtnRemovalBoulders02StorageCell,,0
1234381,PackInPACKMtnRemBoulders01StorageCell,,0
1234414,TestEffectsWorld,,1
12352,zCUTTestPhil01,Quick Test Cell,0
1236932,PackInPACKMtnTopPinesShortSparseStorageCell,,0
1236936,PackInPACKMtnTopBoulderStacksStorageCell,,0
1245333,,,0
1255953,PackInMonoRailStation03StorageCell,,0
1255966,PackInMonoRailStation02StorageCell,,0
1260947,,,0
128937,76QASmoke02,Quick Test Cell,0
12897,zCUTWhitespringBunkerOld,Whitespring Bunker OLD,0
1292307,TestNavmesh,,1
1298532,,,0
1310390,COPY0061,,0
1311956,PackInGurney01WithCushionStorageCell,,0
1312104,COPY0064,,0
1312106,PackInTreeMapleForest01CrowMarkerPackinStorageCell,,0
1312108,PackInTreeMapleForestsmall1CrowMarkerPackinStorageCell,,0
1314979,COPY0069,,0
1316608,COPY0072,,0
1334673,PackInVaultDoorConsolePackInStorageCell,,0
1336865,COPY0078,,0
1336867,COPY0077,,0
1336869,COPY0076,,0
1336871,COPY0072DUPLICATE000,,0
1336873,PackInTrapGunWallHorizAutoPackinStorageCell,,0
1336875,PackInTrapGunWallHorizMissilePackinStorageCell,,0
1336877,PackInTrapGunWallHorizShotgunPackinStorageCell,,0
1336879,PackInTrapGunWallHorizRiflePackinStorageCell,,0
1336881,PackInTrapGunWallHorizPistolPackinStorageCellDUPLICATE002,,0
1337079,PackInTrapGunWallVertPistolPackinStorageCellDUPLICATE001,,0
1337081,PackInTrapGunWallVertRiflePackinStorageCell,,0
1337083,PackInTrapGunWallVertShotgunPackinStorageCell,,0
1337085,PackInTrapGunWallVertMissilePackinStorageCell,,0
1337087,PackInTrapGunWallVertAutoPackinStorageCell,,0
1348444,PackInPortADinerPackinDirtyStorageCell,,0
1348446,PackInFireAlarmLightNSExteriorPackInStorageCell,,0
1348448,PackInFireAlarmLightNSPackInStorageCell,,0
1348449,PackInFireAlarmLightPackInStorageCell,,0
1348451,PackInKlaxonLightNSPackInStorageCell,,0
1348452,PackInKlaxonLightDestPackInStorageCell,,0
1365168,WarehouseCombat,Quick Test Cell,0
1373697,PackInLvlMoleratSandboxWithRespawnPackInStorageCell,,0
1373698,PackInLvlTickSandboxWithRespawnPackInStorageCell,,0
1373699,PackInLvlRadRoachSandboxWithRespawnPackInStorageCell,,0
138187,,,0
1408867,WarehouseWorkbenches,Quick Test Cell,0
1417697,PackInFloorTypesPackInStorageCell,,0
1431227,,,0
1431228,,,0
1431232,,,0
1431237,,,0
1431255,,,0
1431256,,,0
1431257,,,0
1431258,,,0
1431259,,,0
1431261,,,0
1431262,,,0
1431266,PackInClutterPIToolRackGarage01withTools03StorageCell,,0
1431267,,,0
1431268,,,0
1431269,,,0
1431270,,,0
143135,,,0
1442263,WarehouseIndustrialMachines,Quick Test Cell,0
1444720,COPY0079,,0
1444722,COPY0075,,0
1451920,COPY0080,,0
1451922,COPY0074DUPLICATE000,,0
1452642,COPY0081,,0
1460958,,,0
1460973,,,0
1463000,COPY0082,,0
1466139,,,0
1466611,WarehouseDoors,Quick Test Cell,0
1473799,COPY0087,,0
1473801,COPY0086,,0
1476120,COPY0083,,0
148130,zCUTMoleManCity01,Quick Test Cell,0
1489642,COPY0085,,0
15017,PackInPACKToxicTreeClusterMed05StorageCell,,0
1511237,COPY0097,,0
1511239,COPY0096,,0
1511241,COPY0095,,0
1511243,COPY0094,,0
1511245,COPY0093,,0
1511247,COPY0092,,0
1511249,COPY0091,,0
1511251,COPY0090,,0
1511253,COPY0089,,0
1511255,COPY0088,,0
1512891,COPY0100,,0
1512893,COPY0099,,0
1512895,COPY0098,,0
1522219,DebugFlight,Debug Flight World,1
1523160,COPY0101,,0
1530748,COPY0105,,0
1530750,COPY0104,,0
1530752,COPY0103,,0
1530754,COPY0102,,0
1532734,PackInBusStop01StorageCell,,0
1545891,PackInTrapMonkeyPackinStorageCell,,0
1553016,zCUTWarehouseCreatureClutter,Quick Test Cell,0
1553729,COPY0106,,0
1554235,PackInTestScorchBeastkAmbushFissureCrawlOutStorageCell,,0
1560702,,,0
1562707,COPY0289,,0
1562709,COPY0287,,0
1563617,,,0
1566820,,,0
1567341,,,0
1567342,,,0
1567343,,,0
1567344,,,0
1567345,,,0
1567349,,,0
1569867,76HoldingCellDQObjectName,Quick Test Cell,0
1575504,COPY0111,,0
1575508,PackInREPackInCampStorageCell,,0
1575510,COPY0108,,0
1575512,COPY0052,,0
1575514,PackInREPackInSceneStorageCell,,0
1578235,PackInLC060EncPackInStorageCell,,0
1578906,,,0
1580006,,,0
1580007,,,0
1580008,,,0
1580009,,,0
1580010,,,0
1580023,,,0
1580032,,,0
1580044,,,0
1580045,,,0
1580046,,,0
1580047,,,0
1580048,,,0
1580049,,,0
1580051,,,0
1580052,,,0
1580053,,,0
1580054,,,0
1580055,,,0
1580056,,,0
1580057,,,0
1580073,,,0
1580074,,,0
1580075,,,0
1580076,,,0
1580078,,,0
1580079,,,0
1580080,,,0
1580087,,,0
1580088,,,0
1580090,,,0
1580091,,,0
1580098,,,0
1580101,,,0
1580102,,,0
1580105,,,0
1580108,,,0
1580123,,,0
1580127,,,0
1580128,,,0
1580129,,,0
1582988,COPY0120,,0
1585505,COPY0189,,0
1586164,COPY0125,,0
1586165,COPY0124,,0
1586166,COPY0123,,0
1586167,COPY0122,,0
1586168,COPY0121,,0
1586690,COPY0129,,0
1586691,COPY0128,,0
1586692,COPY0127,,0
1586693,COPY0126,,0
1595068,zCUTTestJasonWendigo,Test Combat,0
1595211,zCUTTestWorldChrisP,Marker Cell,0
1595313,,,0
1595315,PackInPACKToxicTreeClusterMed02aStorageCell,,0
1598185,PackInTestLLFTestFloraPackinStorageCell,,0
1598187,PackInTrapBowWallVertPackinStorageCell,,0
1598190,PackInTrapBowWallHorizPackinStorageCell,,0
1598194,,,0
1598198,zCUTWarehouseLeveledPlaceableItems,Quick Test Cell,0
1617498,PackInMultiBarredDoorSinglePackIn02StorageCell,,0
1617501,PackInBarredDoorDoublePackIn01StorageCell,,0
1617505,PackInMultiBarredDoorSinglePackIn01StorageCell,,0
1617510,PackInBarredDoorSinglePackIn01StorageCell,,0
1618159,PackInBarredDoorSinglePackIn02StorageCellDUPLICATE000,,0
1620191,,,0
1622398,zCUTTestMaria,Quick Test Cell,0
163284,zCUTTestKurtREScene,Quick Test Cell,0
1634537,PackInPOITrainStationPrefab06StorageCell,,0
1634539,PackInPOITrainStationPrefab03StorageCell,,0
1634580,PackInPOITrainStationPrefab02StorageCell,,0
1634618,PackInPOITrainStationPrefab01StorageCell,,0
1634782,PackInPOITrainStationPrefab04StorageCell,,0
1637410,PackInPOISubstationPrefab01StorageCell,,0
1637433,PackInTrainStationPrefabStation1StorageCell,,0
1637463,PackInTrainStationPrefabOrienterStorageCell,,0
16391,zCUT76DangerRoom,76 PVP Playground,0
1641647,COPY0195,,0
1646228,PackInRelayTowerPackInStorageCell,,0
16471,zCUTCharlestonHoldingCell,Quick Test Cell,0
16472,zCUTTestEncounters,Test Encounters,0
16478,,,0
16479,,,0
16480,,,0
16481,,,0
16482,,,0
1649486,COPY0196,,0
1650103,COPY0199,,0
1650105,PackInBld03FrontBrickACom01PackInStorageCell,,0
1650107,PackInBld03CornerBrickACom01PackInStorageCell,,0
1650109,PackInBld03CornerBrickACom01Open01PackInStorageCell,,0
1650111,COPY0198,,0
1650113,COPY0197,,0
1650115,COPY0196DUPLICATE000,,0
1650117,PackInBld02CornerBrickACom02PackInStorageCell,,0
1650119,PackInBld02CornerBrickACom01PackInStorageCell,,0
1650121,PackInBld02Angle45BrickACom01PackInStorageCell,,0
1650123,PackInBld04AddFirescape01PackInStorageCell,,0
16523,zCUTTestLockpickHack,Quick Test Cell,0
1653461,PackInKlaxonLightPackInStorageCell,,0
1653821,COPY0200,,0
16611,TestStaticCollectionWarehouse,Kit Static Collections,1
1661693,COPY0211,,0
1661695,COPY0210,,0
1661697,COPY0209,,0
1661699,COPY0208,,0
1661701,COPY0207,,0
1661703,COPY0206,,0
1661705,COPY0205,,0
1661707,COPY0204,,0
1661709,COPY0203,,0
1661711,COPY0202,,0
1661713,COPY0201,,0
1661715,COPY0200DUPLICATE000,,0
1667974,zCUTTestJayLChar,Quick Test Cell,0
1670241,PackInV943BulkheadNoTriggerStorageCell,,0
1670265,PackInV943BulkheadStorageCell,,0
16751,,,0
16835,zCUTTestPhilS01,Quick Test Cell,0
168535,TestBales,Test Bales,1
1694593,COPY0215,,0
1694595,COPY0214,,0
1694597,COPY0213,,0
1694599,COPY0074,,0
1701066,COPY0224,,0
1701068,COPY0223,,0
1701070,COPY0222,,0
1701072,COPY0221,,0
1701074,COPY0220,,0
1701076,COPY0219,,0
1701078,COPY0218,,0
1701080,COPY0217,,0
1701082,COPY0216,,0
1702104,COPY0226,,0
1702106,COPY0225,,0
1703009,,,0
1703159,COPY0217DUPLICATE000,,0
1703161,COPY0216DUPLICATE000,,0
1706851,COPY0291,,0
17091,zCUTTestDrewIndScraps,Quick Test Cell,0
1713219,76QuestSmoke,76 Quest Smoke Test,0
1714203,,,0
1714204,,,0
1714205,,,0
17211,PackInPACKToxicTreeStumpBranches03StorageCell,,0
1721786,COPY0248,,0
1721788,COPY0247,,0
1721790,COPY0246,,0
1721792,COPY0245,,0
1721794,COPY0244,,0
1721796,COPY0243,,0
1721798,COPY0242,,0
1721800,COPY0241,,0
1721802,COPY0240,,0
1721804,COPY0239,,0
1721806,COPY0238,,0
1721808,COPY0237,,0
1721810,COPY0236,,0
1721812,COPY0235,,0
1721814,COPY0234,,0
1721816,COPY0233,,0
1721818,COPY0232,,0
1721820,COPY0231,,0
1721822,COPY0230,,0
1721824,COPY0229,,0
1721826,COPY0228,,0
1721828,COPY0227,,0
1724080,COPY0250,,0
1724082,COPY0249,,0
1730228,zCUTWarehouseClutter,Quick Test Cell,0
17313,,,0
17316,PackInPACKToxicTreeStump02StorageCell,,0
17317,PackInPACKToxicTreeStump01StorageCell,,0
17323,PackInPACKToxicTreeStumpBranches02StorageCell,,0
17325,PackInPACKToxicTreeStumpBranches01StorageCell,,0
1732677,COPY0290,,0
1732679,COPY0292,,0
1732769,PackInLvlMirelurkAmbushHiddenPackInStorageCell,,0
17329,PackInPACKToxicShrubGroupMed06StorageCell,,0
17332,PackInPACKToxicShrubGroupMed05StorageCell,,0
1738192,COPY0251,,0
1739936,COPY0252,,0
1742022,COPY0293,,0
1748313,COPY0300,,0
1749690,COPY0294,,0
17612,,,0
1772313,COPY0311,,0
1772316,COPY0309,,0
1772318,COPY0308,,0
1772320,COPY0307,,0
1772322,COPY0306,,0
1772324,COPY0305,,0
1772326,COPY0304,,0
1772328,COPY0303,,0
1772330,COPY0302,,0
1772332,COPY0301,,0
1772334,COPY0299,,0
1772336,COPY0298,,0
1772338,COPY0297,,0
1772342,COPY0295,,0
1775929,COPY0314,,0
1775931,COPY0313,,0
1775933,COPY0312,,0
1775935,COPY0310,,0
178441,COPY0257,,0
1788899,COPY0317,,0
1788901,COPY0316,,0
1788903,COPY0315,,0
1804518,COPY0318,,0
18125,zCUTTestPurkeyMine01,Quick Test Cell,0
1835315,PackInPowerLiftMiniCartPackInStorageCell,,0
1865012,zCUTTestHazards,Hazard Test,0
1865583,COPY0344,,0
1865585,COPY0343,,0
1865587,COPY0342,,0
1865589,COPY0341,,0
1865591,COPY0340,,0
1865593,COPY0339,,0
1865595,COPY0338,,0
1865597,COPY0337,,0
1865599,COPY0336,,0
1865601,COPY0335,,0
1865603,COPY0334,,0
1865605,COPY0333,,0
1865607,COPY0332,,0
1865609,COPY0331,,0
1865611,COPY0330,,0
1865613,COPY0329,,0
1865615,COPY0328,,0
1865617,COPY0327,,0
1865619,COPY0326,,0
1865621,COPY0325,,0
1865623,COPY0324,,0
1865625,COPY0323,,0
1865627,COPY0322,,0
1865629,COPY0321,,0
1865631,COPY0320,,0
1865633,COPY0319,,0
1885150,WarehouseTestAmbushes,Actor Ambush Testing,0
18862,zCUTTestCharGenBackup01,Vault 76,0
1903270,PackInLvlMirelurkKingAmbushWaterPackInStorageCell,,0
19144,76HoldingCell,Quick Test Cell,0
1918837,PackInPACKMtnRemTreePinesShortSparseDarkStorageCell,,0
1918841,PackInPACKMtnRemBoulders01LightStorageCell,,0
1918842,PackInPACKMtnRemTreePineStumps02DarkStorageCell,,0
1918843,PackInPACKMtnRemTreePines05DarkStorageCell,,0
1918844,PackInPACKMtnRemTreePines04DarkStorageCell,,0
1918845,PackInPACKMtnRemTreePines03DarkStorageCell,,0
1918846,PackInPACKMtnRemTreePinesFallen02DarkStorageCell,,0
1918847,PackInPACKMtnRemTreePines02DarkStorageCell,,0
1918848,PackInPACKMtnRemTreePines01DarkStorageCell,,0
1918849,PackInPACKMtnRemShrubGroupSm03DarkStorageCell,,0
1918850,PackInPACKMtnRemShrubGroupSm02DarkStorageCell,,0
1918851,PackInPACKMtnRemShrubGroupSm01DarkStorageCell,,0
1918852,PackInPACKMtnRemTreePineStumps01StorageCell,,0
19222,DevCoryWorld,TestCoryWorld,1
19223,zCUTTestCory01,Quick Test Cell,0
1924749,,,0
1933318,PackInworkshopPACKPerimeterWall02WallsShackStorageCell,,0
1935554,PackInTESTWildernessCombatPackinSubStorageCell,,0
1935555,PackInTESTWildernessCombatPackinMainStorageCell,,0
1945476,zCUTTestEncounterSetup,Quick Test Cell,0
196231,PackInworkshopPACKTableTest01GroupedStorageCell,,0
1964781,,,0
1964782,,,0
1964783,,,0
1964784,,,0
1964785,,,0
1964786,,,0
1964788,,,0
1964790,,,0
1964791,,,0
1964792,,,0
1964793,,,0
1964794,,,0
1964795,,,0
1964796,,,0
1964797,,,0
1964798,,,0
1964799,,,0
1964800,,,0
1964802,,,0
1964803,,,0
1964804,,,0
1964805,,,0
1964806,,,0
1964808,,,0
19658,zCUTUnusedVault120AirlockCOPY0000,Vault 120,0
1968273,PackInPACKToxicTreeFallen01StorageCell,,0
19694,zCUTUnusedVault12004COPY0000,Vault 120 Research Station,0
1969465,TestMadWorld,TastMadWorld,1
19700,zCUTUnusedVault12003COPY0000,Stellwagen Gorge,0
1973746,,,0
19788,zCUTUnusedVault12002COPY0000,Vault 120,0
19789,zCUTUnusedVault120COPY0000,Vault 120,0
1984737,,,0
1984738,,,0
1984739,,,0
1989109,,,0
1994095,,,0
1994096,,,0
1994097,,,0
1994098,,,0
1994099,,,0
1994100,,,0
1994101,PackInIndGreeb12StorageCell,,0
200781,PackInWorkshopPortaPottyPackinStorageCell,,0
200993,zCUT76AITestArena,Quick Test Cell,0
201045,,,0
2025202,,,0
2025203,,,0
204128,zCUTTestPhysics,Quick Test Cell,0
20521,PackInPACKMtnTopCreosoteShrubSmall01StorageCell,,0
2058533,,,0
2059038,,,0
2059046,,,0
2059230,,,0
2059231,,,0
2064879,,,0
2067093,,,0
2067094,PackInGenericExteriorClutter27StorageCell,,0
2067095,,,0
2067096,,,0
2067097,,,0
2067098,,,0
2067099,,,0
2067100,,,0
2067101,,,0
2067102,,,0
2067103,,,0
2067104,,,0
2067105,,,0
2067106,,,0
2067107,,,0
2067108,PackInGenericExteriorClutter13StorageCell,,0
2067109,,,0
2067110,,,0
2067111,,,0
2067112,,,0
2067113,,,0
2067114,PackInGenericExteriorClutter07StorageCell,,0
2067115,,,0
2067116,,,0
2067117,,,0
2067118,,,0
2067119,,,0
2067120,PackInGenericExteriorClutter01StorageCell,,0
2070057,,,0
2070058,,,0
2070059,PackInGenericExteriorClutter29StorageCell,,0
2075403,,,0
2075404,,,0
2083891,zCUTTestMikeCell,Quick Test Cell,0
209890,,,0
2112279,,,0
2112281,,,0
2112282,,,0
2112283,,,0
2112286,,,0
2128477,76HoldingCellRegionSavageDivide,Quick Test Cell,0
2128480,76HoldingCellRegionForest,Quick Test Cell,0
2133488,zCUTGraftonDam01,Quick Test Cell,0
2134580,DebugJamesP,Quick Test Cell,0
2137013,WarehouseActivators,Animated Activators Ahoy,0
2137517,zCUTTestJustin,Quick Test Cell,0
2142255,,,0
2142256,,,0
2142257,,,0
2142258,,,0
2147951,,,0
2147952,,,0
2147953,,,0
2147954,,,0
2147955,PackInGenericExteriorClutter35StorageCell,,0
2147956,,,0
2149684,,,0
2149685,,,0
2156721,PackInGenericExteriorClutter40StorageCell,,0
2158685,,,0
2158686,,,0
2158687,,,0
2158688,,,0
2158689,,,0
2158690,,,0
2158691,,,0
2158692,,,0
2158693,,,0
2158884,zCUTWarehouseMusic,Quick Test Cell,0
2161713,PackInLGTRSMOmniNS1kfancywarmpackStorageCell,,0
2164161,,,0
2164162,,,0
2164163,,,0
2164164,,,0
2167495,,,0
2167496,,,0
2167497,,,0
2167498,,,0
2167499,,,0
2167500,,,0
2167501,,,0
2167502,,,0
2167503,,,0
2167504,,,0
2167505,,,0
2167506,,,0
2167507,,,0
2167508,,,0
2167509,,,0
2167510,,,0
2167511,,,0
2167512,,,0
2167513,,,0
2167514,,,0
2167515,,,0
2167516,,,0
2167517,,,0
2167518,,,0
2167519,,,0
2167520,,,0
2167521,,,0
2170215,PackInGenericExteriorClutter47StorageCell,,0
2170216,PackInGenericExteriorClutter46StorageCell,,0
2170217,,,0
2170218,,,0
2170219,,,0
2170220,,,0
2170221,,,0
2170222,,,0
2173355,zCUTTestJP,Quick Test Cell,0
2179499,,,0
2179500,,,0
2179501,,,0
2190403,,,0
220901,,,0
2209571,,,0
2209572,,,0
2214507,,,0
2214508,,,0
2214509,,,0
2214510,,,0
2214511,,,0
2214512,,,0
2214515,,,0
2214516,,,0
2214517,,,0
2214518,,,0
2214519,,,0
2228269,,,0
2228270,,,0
2228271,,,0
2228272,,,0
2228273,,,0
2228274,,,0
2228275,,,0
2228276,,,0
2228278,,,0
2228279,,,0
2228280,,,0
22316,zCUTBigFredsBBQShack01,Quick Test Cell,0
2241490,,,0
2241491,,,0
2241492,,,0
2241493,,,0
2241494,,,0
2241495,,,0
2241496,,,0
2241497,,,0
2245694,,,0
2249435,PackInCanneryRetort01PackInStorageCell,,0
2255311,,,0
2255312,,,0
22594,TestRafael,Test Rafael,1
2274795,,,0
2277870,,,0
2282202,,,0
2282203,PackInSuperMutantCamp04StorageCell,,0
2282204,,,0
2282205,,,0
2285724,,,0
2286393,,,0
2286394,,,0
2286395,,,0
2286396,,,0
2286397,,,0
2286398,,,0
2286399,,,0
2286400,,,0
2286401,,,0
2286402,,,0
2286403,,,0
2293467,,,0
2294577,,,0
2304113,,,0
2323840,,,0
2331882,PackInFireExtinguisher01WithHolderStorageCell,,0
238262,,,0
238263,,,0
2394096,,,0
2394821,PackInBuoyBellRedStorageCell,,0
2394822,PackInBuoyBellGreenStorageCell,,0
2399789,zCUTTestPurkey01,Quick Test Cell,0
241343,zCUTTestAudioSchreibaby,Quick Test Cell,0
245101,,,0
245102,,,0
245157,,,0
245182,PackInPACKToxicClutterSm01StorageCell,,0
2453489,,,0
252286,PackInLvlMirelurkAmbushWaterPackInStorageCell,,0
252289,PackInLvlBloodbugAmbushWallPackInStorageCell,,0
252290,PackInLvlBloodbugAmbushGroundPackInStorageCell,,0
252291,PackInLvlBloodbugAmbushCeilingShortPackInStorageCell,,0
252292,PackInLvlBloodbugAmbushCeilingPackInStorageCell,,0
254062,PackInBarredDbDoorChained01StorageCell,,0
254167,PackInPfbDoorChained01StorageCell,,0
2579413,,,0
2579415,,,0
2579416,,,0
2579417,,,0
2579418,,,0
2579422,,,0
2579423,,,0
2579427,,,0
2579429,,,0
2579430,,,0
2579431,,,0
2579432,,,0
2579433,,,0
2579435,,,0
2579437,,,0
2579438,,,0
2579442,,,0
2579444,,,0
2579446,,,0
2579448,,,0
2579450,,,0
2579495,,,0
2579496,,,0
2579497,,,0
2579499,,,0
2579500,,,0
2579502,,,0
2579504,,,0
2579506,,,0
2579507,,,0
2579508,,,0
2579509,,,0
2579704,,,0
2579706,,,0
2579712,,,0
2579718,,,0
2580096,,,0
2580102,,,0
2580109,,,0
2580110,,,0
2580111,,,0
2580112,PackInNewDeskLamp01NSPackinStorageCell,,0
2580113,,,0
2580123,,,0
2580157,,,0
2580158,,,0
2580159,,,0
2580190,,,0
2580192,,,0
2580291,,,0
2580292,,,0
2580416,,,0
2580424,,,0
2580425,,,0
2580483,,,0
2607640,zCUTTestMeganMTX01,Quick Test Cell,0
2634502,PackInClutterPIDeerHangingOnPost01StorageCell,,0
26615,PackInPACKMtnRemovalBurningCliffSM02FXStorageCell,,0
26616,PackInPACKMtnRemovalBurningCliffSM01StorageCell,,0
26617,PackInPACKMtnRemBurningCliffLG03StorageCell,,0
26677,zCUTTestJaySpawnActor,Quick Test Cell,0
2675079,DebugSteveM,Quick Test Cell,0
2685597,,,0
2685598,,,0
2687782,zCUTMissileSilo01JJTest,Quick Test Cell,0
2696339,zCUTTestDrewSpells,Encounter Test Cell,0
27360,Test76Worldspace,,1
27535,TestSal,Ryan Salvatore's Test Cell,1
2801316,PackInPackinDecoPlanter01aStorageCell,,0
2803775,,,0
281102,zCUTWarehouseTestCenter,Testing Center,0
281168,zCUTVault63Entrance,Vault 63 Entrance,0
2815409,,,0
281772,WarehouseNativeTerminals,Quick Test Cell,0
281833,zCUTCharlestonCapitolBuilding01,Charleston Capitol Building,0
281841,WarehouseEncounterWave,Encounter Wave Test Area,0
28440,PackInPACKMtnTopCreosoteShrubMedium01StorageCellDUPLICATE000,,0
28441,PackInPACKMtnTopCreosoteShrubLarge01StorageCell,,0
2847022,,,0
28480,zCUTHuntersvilleSewers,Huntersville Sewers,0
28483,DebugSteveC,Quick Test Cell,0
2850861,zCUTBabylonStagingAreaZax,Babylon Zax Vault,0
2853873,PackInWorkshopKeypadShackPoweredGate01packinNEWStorageCell,,0
2853874,PackInWorkshopKeypadShackPoweredGate02WhitepackinStorageCell,,0
2853875,PackInWorkshopKeypadShackPoweredGate02RedpackinStorageCell,,0
2853876,PackInWorkshopKeypadShackPoweredGate02BluepackinStorageCell,,0
28549,PackInPACKMtnTopBoulders01StorageCellDUPLICATE000,,0
2860078,,,0
2860079,,,0
2860080,,,0
2860081,,,0
2860082,,,0
2860083,,,0
2860084,,,0
2860085,,,0
2860086,,,0
2860087,,,0
2860088,,,0
2860089,,,0
2860090,,,0
2860091,,,0
2860092,,,0
2860093,,,0
2874168,,,0
2898092,zCUT76AITestCellScorched,Quick Test Cell,0
2898093,zCUT76AITestCellSnallygaster,Quick Test Cell,0
2898094,zCUT76AITestCellGrafton,Quick Test Cell,0
2908336,PackInworkshopCollectorAmmopackinStorageCell,,0
291357,zCUTTestCharGen04,Vault 76,0
291358,zCUTTestCharGen03,Vault 76,0
291375,zCUTTestCharGen02,Vault 76,0
2919291,PackInworkshopPACKPerimeterWall02WallsShack01StairsStorageCell,,0
2924577,,,0
2924581,,,0
2924583,,,0
29386,,,0
29605,zCUTGeneralAtomicsPlant01,Quick Test Cell,0
29680,WarehouseStairsCatwalkScaffolding,Quick Test Cell,0
29822,zCUTDebugJustinM,Quick Test Cell,0
29869,PackInRelayTowerLootCachePackInStorageCell,,0
3031304,PackInworkshopPACKPerimeterWall01StorageCell,,0
304216,zCUTTestJasonOld,Quick Test Cell,0
3063092,WarehouseInstruments,Quick Test Cell,0
306535,PackInNukaColaMachineStorageCellDUPLICATE000,,0
3072999,,,0
3073000,,,0
30792,TestGabeLandscape,TestGabeLandscape,1
30816,zCUT76PVEPlayground,76 PVE Wave Defense,0
309561,zCUTTestGunRangeMR,DebugRange,0
309562,zCUTTestWorkshopMR,DebugRange,0
309992,,,0
31022,,,0
31027,DebugNateE,Quick Test Cell,0
311168,zCUTTESTDanny,Quick Test Cell,0
3143106,zCUTVaultSystemHoldingCell,Vault System Holding Cell,0
3147626,,,0
3160364,,,0
3160365,,,0
3160366,,,0
3160367,,,0
3174107,zCUTDebugJasonMags,Test Combat,0
317765,zCUTTestKurtRETravel,Quick Test Cell,0
3180431,DebugJamieC,Quick Test Cell,0
3188534,76HoldingCellGraftonMayor,Quick Test Cell,0
319190,TestMuckWorld,Test Muck World,1
3196689,,,0
3196690,PackInLGTFungusBrain05kOmnicyanStorageCell,,0
3196691,zCUTTestWindingPathObjects,Quick Test Cell,0
319724,TestQuickplayWorld,,1
319911,PackInworkshopCollectorFertilizerpackinStorageCell,,0
32203,WarehouseFallout4,Quick Test Cell,0
3247415,zCUTBabylonTestArea,Marker Cell,0
32751,,,0
32768,TestSLABs,Test POIs,1
3276871,PackInLGTCeilingFanLight01SStorageCell,,0
3276872,PackInLGTFungusGreen100lmStorageCell,,0
3276873,PackInLGTFungusBrain100lmStorageCell,,0
327882,COPY0042,,0
3282254,,,0
3282255,,,0
3282256,,,0
3282257,,,0
3282258,,,0
3282259,,,0
3282260,,,0
3282261,,,0
3297107,,,0
3297108,,,0
330091,zCUTTESTJamesTest01,Quick Test Cell,0
3302626,zCUTDebugJason,Test Combat,0
3303278,WarehouseSubStations,Quick Test Cell,0
331401,zCUTDebugRMC,Quick Test Cell,0
3317440,PackInworkshopVertibirdLandingPadpackinStorageCell,,0
3322422,PackInLGTFluorescentLight01kSPackinStorageCell,,0
3323074,,,0
3323075,,,0
3323076,,,0
3323077,,,0
3323078,,,0
3323079,,,0
3324957,PackIn76LoadElevatorHiTechPackIn04ButtonsStorageCell,,0
3324958,PackIn76LoadElevatorHiTechPackIn03ButtonsStorageCell,,0
3324959,PackIn76LoadElevatorHiTechPackIn02ButtonsStorageCell,,0
3324960,PackIn76LoadElevatorHiTechPackIn01ButtonStorageCell,,0
3324961,zCUTTestElevators,Quick Test Cell,0
3324962,PackIn76LoadElevatorUtility04ButtonsStorageCell,,0
3324963,,,0
3324964,PackIn76LoadElevatorUtility02ButtonsStorageCell,,0
3324965,,,0
3325957,,,0
3329758,zCUTTestMandi2,Mandi2 Test Cell,0
3332604,zCUTTestCharControlTrigger,Quick Test Cell,0
334151,zCUTWarehouseAmbushesOLD,Quick Test Cell,0
3349464,,,0
3353137,zCUTTestEncounterTurfSetup,Quick Test Cell,0
3356913,,,0
3366706,,,0
3372121,,,0
33741,,,0
33751,PackInSLABMedShackBootlegger01StorageCell,,0
33752,PackInSLABMedWarehouse01StorageCell,,0
33753,PackInSLABMedRadioTower01StorageCell,,0
33754,PackInSLABMedRuralStorefront01StorageCell,,0
3375522,PackInworkshopArtillerypackinNEWStorageCell,,0
338443,PackInShackWallDoorSet02StorageCell,,0
3393407,,,0
3394253,,,0
3394254,,,0
3394255,PackInLGTWSR01KaOmniNSwarmpackinStorageCell,,0
3394256,,,0
3394257,PackInLGTWSRroomtmplatepackinStorageCell,,0
3394258,PackInLGTWSRroomtmplatepackinoldStorageCell,,0
340036,zCUT76AITestCellMegasloth,Quick Test Cell,0
3400394,,,0
3400395,,,0
3400396,,,0
3404898,,,0
3405783,DebugDrewL,Quick Test Cell,0
3425311,zCUTTestPowerArmorCorpse,Quick Test Cell,0
3431759,76HoldingCellMoM,Mistress of Mystery Holding Cell,0
3433119,WarehouseTestDefaultBehavior,Actor Ambush Testing,0
3442910,,,0
3442911,,,0
3443685,PackInBabylonTestPackin02StorageCell,,0
3463664,zCUTTestAlan,Quick Test Cell,0
347093,Goodneighbor,Goodneighbor,1
3486688,,,0
3486810,,,0
35066,,,0
35067,PackInWorkshopPACKWrhsPrefab02StorageCell,,0
3515034,,,0
3515035,,,0
3516464,zCUTTestJustinMScripting,Quick Test Cell,0
351969,PackInPregnantRoachCritterStorageCell,,0
352273,,,0
353427,PackInRoundLampandBeamStorageCell,,0
356648,PackInLvlMoleratAmbushLongStorageCell,,0
356649,PackInLvlMoleratAmbushShortStorageCell,,0
356650,PackInLvlRadRoachAmbushFloorStorageCell,,0
356651,PackInLvlRadRoachAmbushWallStorageCell,,0
3566800,,,0
3574593,PackInworkshopPACKTestGeneratorLightStorageCell,,0
3586741,,,0
35996,TestRobertPOIwarehouse,,1
36010,,,0
36041,,,0
361716,PackInWorkshopPACKWrhsWallDoorMed02StorageCell,,0
361717,PackInWorkshopPACKWrhsWallDoorMed01StorageCell,,0
362837,76HoldingCellMarkers,Quick Test Cell,0
362886,PackInPortADinerPackinStorageCell,,0
36371,TestAndrewWorld,Mill,1
3639982,76HoldingCellWhitespringResort02,Whitespring Resort Holding Cell 2,0
3644282,,,0
3649550,PackInTestScorchBeastkAmbushFissure02StorageCell,,0
3658245,PackInworkshopTurretTripodpackinStorageCell,,0
3658455,,,0
3662302,,,0
3673746,,,0
3673747,,,0
3679778,,,0
3685802,DebugRobA,Quick Test Cell,0
368841,zCUTDebugBryan01,Quick Test Cell,0
3688663,,,0
3691208,,,0
3691490,zCUTTestRafaelint,Quick Test Cell,0
3695043,,,0
3695044,PackInClutterHalloweenSettingOrangeStorageCell,,0
37,NavMeshGenCell,,0
3713249,PackInWorkshopKeypadPowerPylonSwitch01packinStorageCell,,0
3720579,76HoldingCellRegionMire,Quick Test Cell,0
3732216,DebugJustinM,Quick Test Cell,0
3735557,PackInWorkshopKeypadFloorSafe01packinStorageCell,,0
3735933,,,0
3736743,DebugStephanieZ,Quick Test Cell,0
3752536,PackInVTecAgCenterFertilizerStoragePackInStorageCell,,0
3763121,PackInworkshopCollectorAshforgepackinNEWStorageCell,,0
3780990,,,0
3780991,,,0
3786139,,,0
3786140,,,0
3786141,,,0
3787381,,,0
3794560,PackInWorkshopPowerSwitchRandompackinStorageCellDUPLICATE000,,0
3797898,,,0
3805774,PackInPackFragMineScorchedStorageCell,,0
3805775,PackInPackFragMinePlayerStorageCell,,0
3808036,,,0
3808037,,,0
3808038,,,0
3808039,,,0
3808040,,,0
3823486,PackInFissureSetupPackinStorageCell,,0
3826384,zCUTOrion,Quick Test Cell,0
3836359,,,0
3836360,,,0
3838195,76HoldingCellWarehouseHostileDetection,Quick Test Cell,0
3846457,,,0
3852051,,,0
3852353,zCUTTestRSVP,Quick Test Cell,0
3858115,,,0
3868563,PackInWorkshopWoodStoveStorageCell,,0
3868674,,,0
3872996,,,0
3872997,,,0
3872998,,,0
3874503,WarehouseWorkshopItems,Worshop Items Warehouse,0
3876327,zCUTTestHunterHunted,Quick Test Cell,0
389381,zCUT76AITestCellTick,Quick Test Cell,0
3905844,,,0
3905845,,,0
3905846,,,0
3905847,,,0
3905848,,,0
3905849,,,0
3905850,,,0
3905851,,,0
3905852,,,0
3908436,,,0
3908437,,,0
3908438,,,0
3908439,,,0
3908440,,,0
3918974,,,0
3918975,,,0
3918976,,,0
3921149,,,0
3921150,,,0
3921354,,,0
3922595,,,0
3942789,zCUT76TrailerInterior,Quick Test Cell,0
3945335,,,0
3949980,,,0
3949981,,,0
3949982,,,0
3949983,,,0
3949984,,,0
3949985,,,0
3951613,,,0
3953478,,,0
3953479,,,0
3953480,,,0
3955440,,,0
3955441,,,0
3955442,,,0
3955443,,,0
3955444,,,0
3955445,,,0
3955446,,,0
3956407,,,0
3956408,PackInPlayerHouseRuinKitchenCounter01WhitePackInStorageCell,,0
3956409,,,0
3956410,,,0
3958871,DebugMJ,Quick Test Cell,0
3960189,,,0
3960190,PackInCharGenRoomPackInStorageCell,,0
3961554,zCUTBabylonAudioTestZone,Marker Cell,0
3970108,PackInworkshopWrhsStairsWithFoundation01RPACKINStorageCell,,0
3970109,PackInworkshopWrhsStairsWithFoundation01LPACKINStorageCell,,0
3970657,zCUTTestCharGenRoom,Quick Test Cell,0
3975682,PackInEmptyNukaColaMachineBrokenWithLidStorageCell,,0
397817,,,0
3978473,PackInREPackInWhitespringAssaultStorageCell,,0
3981623,,,0
3981624,,,0
3983450,,,0
3983451,,,0
3983452,,,0
3983453,,,0
3983454,,,0
3983455,,,0
3983456,,,0
3983457,,,0
3983458,,,0
3983459,,,0
3983460,,,0
3987,DiamondCityFX,Diamond City,1
3987674,zCUTMorgantownAirportTerminal01,Morgantown Airport Terminal,0
3988,DiamondCity,Diamond City,1
399109,TestDrewWorld,,1
3997392,zCUTTestEmil,Emil's Test Cell,0
3998442,,,0
3999978,,,0
401269,,,0
4013792,,,0
4023890,,,0
4023891,,,0
4023892,,,0
4023893,,,0
4023894,,,0
4023895,,,0
4023896,,,0
4023897,,,0
4023898,,,0
4023899,,,0
402759,76HoldingCellWorkshop,Quick Test Cell,0
4029733,zCUTTestTED01,Quick Test Cell,0
4033341,,,0
4033342,,,0
4033343,PackInLGTCeilingLamp01OnSHORTSpotNSStorageCell,,0
4040272,zCUTTestNuke,Quick Test Cell,0
4049599,,,0
4050238,,,0
4050239,,,0
4050240,,,0
4050241,PackInPlayerHouseRuinKitchenCabinet05BareMetalPackInStorageCell,,0
405112,zCUTTestKurtREObject,Quick Test Cell,0
4056479,,,0
4056480,,,0
4056481,,,0
4056482,,,0
4056483,,,0
4056484,,,0
4056485,,,0
4056487,,,0
4056805,,,0
4056806,,,0
4056807,PackInHardPointUltracite01PackInStorageCell,,0
4056976,76HoldingCellMSilo,Quick Test Cell,0
4057954,zCUTTestCharGenTrailer,Quick Test Cell,0
405804,,,0
4065529,DebugDavidM,Quick Test Cell,0
4073444,,,0
4073445,,,0
4073446,,,0
4073447,,,0
4073448,,,0
4073449,,,0
4073451,,,0
4073452,,,0
4084738,PackInCritterBSandboxPackInStorageCell,,0
4084739,PackInCritterASandboxPackInStorageCell,,0
4085940,,,0
4085941,,,0
4089217,,,0
4089218,,,0
4089219,,,0
4104764,zCUTWarehouseRespawnTest,Quick Test Cell,0
4105371,,,0
4105469,,,0
4105470,,,0
4105471,,,0
4105472,,,0
4105473,,,0
4105474,,,0
4105475,,,0
4105476,,,0
4105477,,,0
4105478,,,0
411820,,,0
4127596,zCUT76NPCTest,Quick Test Cell,0
4128037,zCUT76AnimArchetypeTest,Quick Test Cell,0
4129233,PackInVault94SeedBankOffStorageCell,,0
4130065,PackInVltSecurityGateWideStaticPrefabStorageCell,,0
4130066,PackInVltSecurityGateStaticPrefabStorageCell,,0
4130067,PackInVltSecurityGate02StaticPrefabStorageCell,,0
4130346,PackInVaultSeedBankOffStorageCell,,0
4130407,zCUT76RandomConvoTest,Quick Test Cell,0
4141414,zCUTVault63Gear,Vault 63 Entrance,0
4141415,zCUTVault96Gear,Vault 96 Entrance,0
4143701,zCUTVault96Gear02,Vault 96 Entrance,0
4150268,zCUT76AITestCellSheepsquatch,Quick Test Cell,0
4154477,zCUT76SandboxTest,Quick Test Cell,0
4158794,PackInTestPosterBoardPackInStorageCell,,0
4172217,zCUTTestZach03,Quick Test Cell,0
4176822,zCUTW05MQ101PTest,Quick Test Cell,0
4189174,PackInE01BEncryptidPylonPackIn03StorageCell,,0
4189175,,,0
4189176,PackInE01BEncryptidPylonPackIn01StorageCell,,0
4193286,zCUTW05MQ102PTest,Quick Test Cell,0
4205865,zCUTDebugBradH,Quick Test Cell,0
4208679,zCUTDebugCrackpotsHouse01,Quick Test Cell,0
4208680,zCUTDebugVault79Entrance,Quick Test Cell,0
4213457,zCUTW05MQS203PTest,Quick Test Cell,0
421388,zCUTTestEncountersTurrets,Quick Test Cell,0
4216611,PackInLGTv94sublightStorageCell,,0
4218166,PackInWorkshopDisplayGenericDisplayTall02PackinStorageCell,,0
4218167,PackInWorkshopDisplayGenericDisplayTall01PackinStorageCell,,0
4218168,PackInWorkshopDisplayGenericDisplayShort01PackinStorageCell,,0
4218596,PackInLGTv94cagelightStorageCell,,0
4218597,PackInLGTv94sublightStorageCellDUPLICATE000,,0
4221846,zCUTTestZach02,Quick Test Cell,0
4227024,DebugCBernardo02,Quick Test Cell,0
4237465,zCUTTestLousMine02,Quick Test Cell,0
4237469,zCUTMireBunker01,New Hagerstown Greenhouse,0
4242962,DebugDobert02,Quick Test Cell,0
4244573,zCUTW05MQS204PTest,Quick Test Cell,0
4251760,,,0
4251762,,,0
4257217,76HoldingCellWayward,Quick Test Cell,0
4260343,DebugVictoria,Quick Test Cell,0
4272166,zCUTRaRaPrototypes05,Quick Test Cell,0
4272167,zCUTRaRaPrototypes04,Quick Test Cell,0
4272168,zCUTRaRaPrototypes03,Quick Test Cell,0
4272169,zCUTRaRaPrototypes02,Quick Test Cell,0
4272170,zCUTRaRaPrototypes01,Quick Test Cell,0
429026,,,0
429093,,,0
4311919,zCUTW05MQS205PTest,Quick Test Cell,0
4312164,zCUTRaRaPrototypes06,Quick Test Cell,0
432148,COPY0253,,0
43342,TestPBRWorld,,1
4340683,PackInLGTv94sublightterminalReactorStorageCell,,0
4340684,PackInLGTv94SScagelightReactorStorageCell,,0
4340685,PackInLGTv94sublightterminalSeedbankStorageCell,,0
4340686,PackInLGTv94SScagelightSeedbankStorageCell,,0
4340687,PackInLGTv94sublightwallSeedbankStorageCell,,0
4340688,,,0
4340689,,,0
4340690,PackInLGTv94SScagelightStorageCell,,0
4345831,zCUTTestPathing,Quick Test Cell,0
4350971,zCUTJohnyConPrototype01,Quick Test Cell,0
4350972,zCUTRaiderRevengePrototype01,Quick Test Cell,0
4351797,zCUTW05DialogueTest,Quick Test Cell,0
4352337,zCUTW05MessageTest,Quick Test Cell,0
4356353,zCUTDebugAustinF,Quick Test Cell,0
4357184,zCUTDebugJPickett,Quick Test Cell,0
4380035,zCUTTestPoseidonPlant02,Poseidon Energy Plant Expansion,0
4387094,zCUTW05MQ101PATest,Quick Test Cell,0
4387095,zCUTW05MQ101PBTest,Quick Test Cell,0
4390337,PackInPACKMtnTopPines01DistantStorageCell,,0
4390338,PackInPACKMtnTopPines03DistantStorageCell,,0
4390339,PackInPACKMtnTopPines05DistantStorageCell,,0
4390340,PackInPACKMtnTopPines04DistantStorageCell,,0
4390341,PackInPACKMtnTopPines02DistantStorageCell,,0
4390342,PackInPACKMtnTopPinesShortSparseDistantStorageCell,,0
439999,zCUTTestPurkey02,Quick Test Cell,0
4404217,PackInScorchedStatuePackin01StorageCell,,0
4404218,PackInScorchedStatuePackin02StorageCell,,0
4404219,PackInScorchedStatuePackin03StorageCell,,0
4404220,PackInScorchedStatuePackin04StorageCell,,0
4404221,PackInScorchedStatuePackin05StorageCell,,0
4404797,PackInWindChimeWithSupporAndBeacontPackInStorageCell,,0
4404798,PackInWindChimeWithBeaconPackInStorageCell,,0
4430550,WarehouseActorRespawn02,Quick Test Cell,0
4430551,WarehouseActorRespawn01,Quick Test Cell,0
4431313,PackInWorkshopWindChimeWallPackInStorageCell,,0
4431314,PackInWorkshopWindChimePackInStorageCell,,0
4432366,PackInLGTWSBSignPackinStorageCell,,0
4442796,zCUTTestMeganMTX,Quick Test Cell,0
4445353,WarehouseHazards,Quick Test Cell,0
4446464,DebugRussellWorld,DebugRussellWorld,1
4446512,DebugRussellR,Quick Test Cell,0
450147,76HoldingCellEnclave,Quick Test Cell,0
450173,,,0
4509765,PackInworkshopWoodPlankFenceGate01StorageCell,,0
4509772,WarehouseAtomicShopVideoCell,Atomic Shop Background Video Cell,0
4522493,,,0
4522494,PackInLvlWendigoAmbushPackInStorageCell,,0
4523269,PackInStorageCell,,0
4527123,PackInStorageCellDUPLICATE000,,0
4528084,PackInStorageCellDUPLICATE000DUPLICATE000,,0
4530647,PackInStorageCellDUPLICATE003,,0
4530648,PackInStorageCellDUPLICATE002,,0
4530649,PackInStorageCellDUPLICATE001,,0
4536855,zCUTVault94Gear,Vault 94 Entrance,0
4544915,zCUTVault94GECK,Vault 94 G.E.C.K. Wing,0
4550429,zCUTVault94Main,Vault 94,0
456207,zCUTTestLiam01,Quick Test Cell,0
456876,,,0
4589661,zCUTVault9603Steve,Vault 96,0
4597787,zCUTVault96Main,Vault 96,0
4609057,zCUTVault96OLD,Vault 96,0
4614,TestConnorExt,TestConnor_Ext,1
4617742,,,0
4623436,DebugChrisM,Quick Test Cell,0
46289,zCUTDebugSlabTestCell,Quick Test Cell,0
465004,,,0
4675,76HoldingCellSQHorde,Quick Test Cell,0
468195,PackInPACKMtnRemPineFallen02aStorageCell,,0
4697955,76CellTemplate,Quick Test Cell,0
4700632,,,0
4707076,zCUTVault9602,Vault 96,0
4717007,zCUTVault9603,Vault 96,0
471795,COPY0267,,0
471804,COPY0266,,0
471820,COPY0265,,0
4731181,PackInbabylonkitPerimeterWall01StorageCell,,0
4731811,zCUTTestDusty,Quick Test Cell,0
47351,,,0
4739777,,,0
4742335,PackInStorageCellDUPLICATE005,,0
4742336,PackInStorageCellDUPLICATE004,,0
4743918,PackInStorageCellDUPLICATE004DUPLICATE000,,0
4745277,PackInStorageCellDUPLICATE006,,0
4759243,,,0
4759244,,,0
4759245,,,0
4759246,,,0
4759958,WarehouseFissureCell,Quick Test Cell,0
4770859,,,0
485168,WarehouseEncounterWave02,Quick Test Cell,0
49922,,,0
49923,PackInSLABMedIndustrial01StorageCell,,0
49924,,,0
49925,PackInSLABMedChurch01StorageCell,,0
49926,PackInSLABSmallStore02StorageCell,,0
49927,PackInSLABSmallStore01StorageCell,,0
49928,,,0
49929,,,0
509529,WarehouseVaultKit,Quick Test Cell,0
5104198,,,0
5104199,,,0
5104200,,,0
5104201,,,0
5104202,,,0
5104203,,,0
5104204,,,0
5104205,,,0
5104206,,,0
5104207,,,0
5104208,,,0
5104209,,,0
5104210,,,0
5104211,,,0
5104212,,,0
5104213,,,0
5104214,,,0
5104215,,,0
5104216,,,0
5109448,,,0
5120486,,,0
5120798,DebugDobert,Quick Test Cell,0
5125630,,,0
5125952,zCUTTestChrisH,Quick Test Cell,0
512637,PackInLvlBloodbugAggro650CeilingShortPackInStorageCell,,0
512638,PackInLvlBloodbugAggro650CeilingTallPackInStorageCell,,0
512639,PackInLvlBloodbugAggro650GroundPackInStorageCell,,0
512640,PackInLvlBloodbugAggro650WallPackInStorageCell,,0
5128868,,,0
5128869,,,0
5133568,,,0
5133733,PackInCritterBSandboxWithRespawnPackInStorageCell,,0
5133734,PackInCritterASandboxWithRespawnPackInStorageCell,,0
5145638,,,0
5151219,,,0
5151221,,,0
5152640,,,0
5152641,,,0
5156595,zCUTWarehouseSignsCustom,Quick Test Cell,0
5159611,,,0
5160360,zCUTWarehouseSignsCustomOLD,Quick Test Cell,0
5177002,,,0
5196173,PackInBabylonKitWall01COPY0000StorageCell,,0
5196422,,,0
5196423,,,0
5198352,zCUTTESTRegionConditionsForest,Forest Regional Conditions Test,0
5198519,PackInWorkshopFloraBlackberry02packinStorageCell,,0
5208072,,,0
5208073,,,0
5215288,PackInworkshopPACKPerimeterWall02WallsShack01StairsNEWStorageCell,,0
5215392,,,0
5215581,WarehouseTestHoldPos,Quick Test Cell,0
5220664,,,0
5229712,,,0
5249445,,,0
525088,zCUTTestRSears,Quick Test Cell,0
5284608,PackInTESTDEBUGRSVPcontrolStorageCell,,0
52858,TestTheHillsHaveEyes,,1
529829,zCUTWarehouseBathrooms,Quick Test Cell,0
5298603,zCUTTestLogan,Quick Test Cell,0
5299042,,,0
5300692,76HoldingCellWhitespringResort,Whitespring Resort Holding Cell,0
5301948,WarehouseAmbushes,Quick Test Cell,0
5321064,,,0
5342589,,,0
5342590,,,0
5348194,PackInCrashedSatelliteWreckagePackinStorageCellDUPLICATE001,,0
5350812,,,0
5352760,PackInMSiloOperationsConsoleCabSolo04StorageCell,,0
5352761,PackInMSiloOperationsConsoleCabSolo03StorageCell,,0
5352762,PackInMSiloOperationsConsoleCabSolo02StorageCell,,0
5352763,PackInMSiloOperationsConsoleCabSolo01StorageCell,,0
5352764,PackInMSiloOperationsConsoleCabMid03StorageCell,,0
5352765,PackInMSiloOperationsConsoleCabMid02StorageCell,,0
5352766,PackInMSiloOperationsConsoleCabMid01StorageCell,,0
5352767,PackInMSiloOperationsConsoleCabCluster04StorageCell,,0
5352768,PackInMSiloOperationsConsoleCabCluster03StorageCell,,0
5352769,PackInMSiloOperationsConsoleCabCluster02StorageCell,,0
5352770,PackInMSiloOperationsConsoleCabCluster01StorageCell,,0
5352771,PackInMSiloOperationsConsoleRight05StorageCell,,0
5352772,PackInMSiloOperationsConsoleLeft05StorageCell,,0
5352773,PackInMSiloOperationsConsoleLeft04StorageCell,,0
5352774,PackInMSiloOperationsConsoleLeft03StorageCell,,0
5352775,PackInMSiloOperationsConsoleLeft02StorageCell,,0
5352776,PackInMSiloOperationsConsoleLeft01StorageCell,,0
5352777,PackInMSiloOperationsConsoleRight04StorageCell,,0
5352778,PackInMSiloOperationsConsoleRight03StorageCell,,0
5352779,PackInMSiloOperationsConsoleRight02StorageCell,,0
5352780,PackInMSiloOperationsConsoleRight01StorageCell,,0
5352781,PackInMSiloOperationsConsoleCorner10StorageCell,,0
5352782,PackInMSiloOperationsConsoleCorner09StorageCell,,0
5352783,PackInMSiloOperationsConsoleCorner08StorageCell,,0
5352784,PackInMSiloOperationsConsoleCorner07StorageCell,,0
5352785,PackInMSiloOperationsConsoleCorner06StorageCell,,0
5352786,PackInMSiloOperationsConsoleCorner05StorageCell,,0
5352787,PackInMSiloOperationsConsoleCorner04StorageCell,,0
5352788,PackInMSiloOperationsConsoleCorner03StorageCell,,0
5352789,PackInMSiloOperationsConsoleCorner02StorageCell,,0
5352790,PackInMSiloOperationsConsoleCorner01StorageCell,,0
5352791,PackInMSiloOperationsConsoleSingleShort04StorageCell,,0
5352792,PackInMSiloOperationsConsoleSingleShort03StorageCell,,0
5352793,PackInMSiloOperationsConsoleSingleShort02StorageCell,,0
5352794,PackInMSiloOperationsConsoleSingleShort01StorageCell,,0
5352795,PackInMSiloOperationsConsoleSingleTall26StorageCell,,0
5352796,PackInMSiloOperationsConsoleSingleTall25StorageCell,,0
5352797,PackInMSiloOperationsConsoleSingleTall24StorageCell,,0
5352798,PackInMSiloOperationsConsoleSingleTall23StorageCell,,0
5352799,PackInMSiloOperationsConsoleSingleTall22StorageCell,,0
5352800,PackInMSiloOperationsConsoleSingleTall21StorageCell,,0
5352801,PackInMSiloOperationsConsoleSingleTall20StorageCell,,0
5352802,PackInMSiloOperationsConsoleSingleTall19StorageCell,,0
5352803,PackInMSiloOperationsConsoleSingleTall18StorageCell,,0
5352804,PackInMSiloOperationsConsoleSingleTall17StorageCell,,0
5352805,PackInMSiloOperationsConsoleSingleTall16StorageCell,,0
5352806,PackInMSiloOperationsConsoleSingleTall15StorageCell,,0
5352807,PackInMSiloOperationsConsoleSingleTall14StorageCell,,0
5352808,PackInMSiloOperationsConsoleSingleTall13StorageCell,,0
5352809,PackInMSiloOperationsConsoleSingleTall12StorageCell,,0
5352810,PackInMSiloOperationsConsoleSingleTall11StorageCell,,0
5352811,PackInMSiloOperationsConsoleSingleTall10StorageCell,,0
5352812,PackInMSiloOperationsConsoleSingleTall09StorageCell,,0
5352813,PackInMSiloOperationsConsoleSingleTall08StorageCell,,0
5352814,PackInMSiloOperationsConsoleSingleTall07StorageCell,,0
5352815,PackInMSiloOperationsConsoleSingleTall06StorageCell,,0
5352816,PackInMSiloOperationsConsoleSingleTall05StorageCell,,0
5352817,PackInMSiloOperationsConsoleSingleTall04StorageCell,,0
5352818,PackInMSiloOperationsConsoleSingleTall03StorageCell,,0
5352819,PackInMSiloOperationsConsoleSingleTall02StorageCell,,0
5352820,PackInMSiloOperationsConsoleSingleTall01StorageCell,,0
5356008,zCUTDebugTrevorS,Quick Test Cell,0
5356886,,,0
5356887,,,0
5356888,,,0
5356889,,,0
5356890,,,0
5365651,,,0
5365652,,,0
5368266,PackInWorldMapTravelSystemLightboxStorageCell,,0
53751,TestSCOL,,1
5378549,zCUTMissileSiloOLD,Quick Test Cell,0
5389588,DebugCarlM02,Quick Test Cell,0
539304,PackInPACKCranBogShrubGroupMed04StorageCell,,0
5399237,,,0
5399238,,,0
5399239,,,0
5399240,,,0
5399241,,,0
5399242,,,0
5399243,,,0
5399244,,,0
5399245,,,0
5399246,,,0
5399247,,,0
5401212,,,0
5401213,PackInCargoConsole02PackinStorageCell,,0
5401214,,,0
5403560,,,0
5404086,,,0
5404087,,,0
5404088,,,0
5404089,,,0
5404090,,,0
5404091,,,0
5404092,,,0
5404093,,,0
5404094,,,0
5404095,,,0
5405411,PackInLGTMSASpotS03KflopackinStorageCell,,0
540664,PackInLvlBloatflyAmbushGroundPackInStorageCell,,0
540665,PackInLvlBloatflyAmbushWallPackInStorageCell,,0
540666,PackInLvlBloatflyAmbushCeilingPackInStorageCell,,0
540667,PackInLvlMirelurkAmbushDirtPackInStorageCell,,0
540670,PackInLvlStingwingAmbushWallPackInStorageCell,,0
5408085,76HoldingCellWhitespringGrounds,Quick Test Cell,0
5408420,PackInLGTMSASpotS01KwarmpackinStorageCell,,0
5409294,,,0
5409295,,,0
5409296,,,0
5409297,,,0
5409298,,,0
5409299,,,0
5411523,zCUTTestAtomicShop01,Atomic Shop,0
5412061,,,0
5416096,WarehouseSystems,Quick Test Cell,0
5418186,,,0
5418187,,,0
5418188,,,0
5418189,,,0
5418190,PackInClutterPIPavillionSmallLongStorageCell,,0
5418191,,,0
5421911,zCUTTestAliasRefillCell,Quick Test Cell,0
5421959,,,0
5423248,76HoldingCellMissionQuest,Quick Test Cell,0
5436721,zCUTTestMothman,Quick Test Cell,0
5439229,PackInKlaxonLightNSPackInNoSoundStorageCell,,0
544002,PackInLvlFeralGhoulAmbushMantelPackInStorageCell,,0
5440089,zCUTTestAlyssa,Quick Test Cell,0
5441082,DebugMartin,Quick Test Cell,0
5443260,zCUTMonongahMissileSilo01OLD,Missile Silo Bravo,0
545441,,,0
5460194,DebugEllysT,Quick Test Cell,0
5460195,DebugCarlM,Quick Test Cell,0
5465,TestVertibirdWorld,,1
5467429,PackInATXworkshopCollectorScavengepackinGoldStorageCell,,0
5467430,PackInATXworkshopCollectorScavengepackinSilverStorageCell,,0
5467442,PackInATXworkshopCollectorScavengepackinCopperStorageCell,,0
5470261,zCUTDebugTempCavern01,Quick Test Cell,0
54719,PackInTESTTreePackInStorageCell,,0
5478083,,,0
5478084,,,0
5478085,,,0
548151,PackInPACKToxicShrubGroupMed04StorageCell,,0
548152,PackInPACKToxicShrubGroupMed03StorageCell,,0
548153,PackInPACKToxicShrubGroupMed02StorageCell,,0
548156,PackInPACKToxicShrubGroupMed01StorageCell,,0
548161,PackInPACKToxicShrubGroupSm06StorageCell,,0
548162,PackInPACKToxicShrubGroupSm05StorageCell,,0
548163,PackInPACKToxicShrubGroupSm04StorageCell,,0
548164,PackInPACKToxicShrubGroupSm03StorageCell,,0
548165,PackInPACKToxicShrubGroupSm02StorageCell,,0
548166,PackInPACKToxicShrubGroupSm01StorageCell,,0
548909,DebugPurkey,,1
5489942,zCUTTestMikeEnt,Quick Test Cell,0
5493818,zCUTTestLousMine,Quick Test Cell,0
54959,TestMikeWorld,TestMikeWorld,1
54960,PackInTestLinksStorageCell,,0
5499102,zCUTTestRaRaVentStandards,Quick Test Cell,0
5523829,DebugSteveM02,Quick Test Cell,0
5529032,,,0
5529033,PackInASMDisplayCaseShort01PackInStorageCell,,0
5541716,zCUTTestZachGreebs,Quick Test Cell,0
5548339,zCUTDebugEventScoring,Quick Test Cell,0
5551363,zCUTDebugTrevorCapitol,Quick Test Cell,0
5564429,zCUTSecretResearchLaboratory01,Vulcan Research Laboratory,0
5565247,76HoldingCellCompanionAstronaut,Quick Test Cell,0
55768,,,0
55769,PackInTestShackPackStorageCell,,0
5581453,MotherlodeNavigationTest01,The Cave,0
5584393,PackInUD11FirePackinStorageCell,,0
5587314,PackInATXworkshopCollectorScavengepackinFreeStatesStorageCell,,0
5588195,,,0
5588196,,,0
5588197,,,0
5588198,,,0
5588199,PackInLGTv96SScagelightWarmStorageCell,,0
5588200,PackInLGTv96sublightterminalWarmStorageCell,,0
5588201,PackInLGTv96sublightwallWarmStorageCell,,0
5596588,PackInATXWorkshopPrewarPicketFenceGateStorageCell,,0
559774,zCUTTestBruce,Quick Test Cell,0
5598904,PackInDefaultChallengeHiTechDoorLargeDamagedPackInStorageCell,,0
5600861,PackInbabylonquickstairspackinStorageCell,,0
56063,zCUTVault96,Vault 96,0
5610356,76HoldingCellCompanion,Quick Test Cell,0
5613230,PackInTestQuickCamp03StorageCell,,0
5613231,PackInTestQuickCamp02StorageCell,,0
5613232,PackInF1SurvivalTentStorageCell,,0
562215,PackInBloodbugFeedBrahminCorpseStorageCell,,0
5628727,zCUTZachTest05,RobCo Auto-Supply Cache #001,0
5636312,PackInREPackInMiningStorageCell,,0
56408,TestWorkshop,,1
56428,TESTNewTerrain,Terrain Generation Tests,1
56429,TestLandscape,Test Landscape,1
5646698,,,0
5649320,zCUTW05DialogueTestInstanced,Quick Test Cell,0
5652601,,,0
5655365,DebugDobert03,Quick Test Cell,0
5672535,PackInREGravePackinStorageCell,,0
5672987,COPY0006,,0
5672988,COPY0007,,0
5672989,PackInLGTv96SScagelightResearchCoolStorageCell,,0
5672990,PackInLGTv96SScagelightResearchWarmStorageCell,,0
5672991,PackInLGTv96sublightterminalResearchCoolStorageCell,,0
5672992,PackInLGTv96sublightterminalResearchWarmStorageCell,,0
5675183,PackInATXworkshopCollectorScavengepackinRaiderStorageCell,,0
5683937,COPY0005,,0
5683938,PackInLGTv96SScagelightEngineeringWarmStorageCell,,0
5683939,PackInLGTv96sublightterminalEngineeringWarmStorageCell,,0
569320,PackInWEMainSandboxStorageCell,,0
5700471,,,0
57016,TestJayWorld,Jay's test world,1
5704661,zCUTTestMikePInt,Quick Test Cell,0
5705078,zCUT76DebugNormGym,76 QA Smoke,0
570727,PackInLewisburgCarnegieHallStarterPackStorageCell,,0
5719592,zCUTCOMPDeleteThis,Quick Test Cell,0
5722831,zCUTTestMattD,Quick Test Cell,0
572347,COPY0268,,0
5731659,,,0
5732441,PackInBabylonHalloweenDecoOverseerAndZaxRealStorageCell,,0
5732442,,,0
5732687,,,0
573551,COPY0279,,0
573553,COPY0278,,0
573569,COPY0277,,0
573575,COPY0276,,0
573577,COPY0275,,0
573580,COPY0274,,0
573582,COPY0273,,0
573584,COPY0272,,0
573590,COPY0271,,0
573608,COPY0270,,0
573614,COPY0269,,0
573617,COPY0268DUPLICATE000,,0
5756917,zCUTTestOrionGraftonSteelUnderground01,Quick Test Cell,0
575729,zCUTMPScriptTest,Quick Test Cell,0
57583,PackInFEVDecalTrap04StorageCell,,0
57584,PackInFEVDecalTrap02StorageCell,,0
57585,PackInFEVDecalTrap01StorageCell,,0
57634,PackInPACKToxicTreeClusterMed03StorageCell,,0
57636,PackInPACKToxicTreeClusterMed01StorageCell,,0
57647,PackInPACKToxicTreeClusterSm05StorageCell,,0
57648,PackInPACKToxicTreeClusterSm04StorageCell,,0
57652,PackInPACKToxicTreeClusterSm03StorageCell,,0
57653,PackInPACKToxicTreeClusterSm02StorageCell,,0
5775700,PackInCOMPPackinCampObjectBeggarStorageCell,,0
5784,PackInWorkshopPACKWrhsPrefab01StorageCell,,0
5793709,PackInATXworkshopCollectorScavengepackinRaiderCOPY0000StorageCell,,0
5795128,PackInDenizenPackInSettlerBuilderStorageCell,,0
5795130,PackInDenizenPackInSettlerIntimidatorStorageCell,,0
5795131,PackInDenizenPackInScavengerTreasureStorageCell,,0
5795132,PackInDenizenPackInScavengerSurveyorStorageCell,,0
5795133,PackInDenizenPackInSettlerSurveyorStorageCell,,0
5795134,PackInDenizenPackInSettlerLumberjackStorageCell,,0
5795135,PackInDenizenPackInScavengerLumberjackStorageCell,,0
5795136,PackInDenizenPackInScavengerFarmerStorageCell,,0
5795137,PackInDenizenPackInSettlerFarmerStorageCell,,0
5795138,PackInDenizenPackInScavengerDrunkStorageCell,,0
5795139,PackInDenizenPackInRaiderLooterStorageCell,,0
5795140,PackInDenizenPackInScavengerLooterStorageCell,,0
5795141,PackInDenizenPackInScavengerCamperStorageCell,,0
5795142,PackInDenizenPackInSettlerCamperStorageCell,,0
5795143,PackInDenizenPackInScavengerButcherStorageCell,,0
5795144,PackInDenizenPackInSettlerButcherStorageCell,,0
5795145,PackInDenizenPackInRaiderIntimidatorStorageCell,,0
5795146,PackInDenizenPackInRaiderButcherStorageCell,,0
5795147,PackInDenizenPackInRaiderCamperStorageCell,,0
5795148,PackInDenizenPackInRaiderBuilderStorageCell,,0
5798860,zCUTTestTheWaywardExt,Quick Test Cell,0
580241,PackInworkshopPACKTableTest01UngroupedStorageCell,,0
58176,PackInPACKToxicTreeClusterSm01StorageCell,,0
5833577,zCUTClarksburgPharmacy01,Clarksburg Pharmacy,0
5837784,PackInFloaterAmbushPackInStorageCell,,0
58389,,,0
58393,,,0
5844664,zCUTTestOrionPlatformHelpers,Quick Test Cell,0
5847753,DebugJae,Quick Test Cell,0
5851706,PackInATXCAMPUtilityWaterWellPIStorageCell,,0
585204,PackInworkshopCollectorScavengepackinNEWStorageCellDUPLICATE001,,0
5870786,,,0
5870787,,,0
5870788,PackInHumanDensityPassBloodEagleRoadblockPackInStorageCell,,0
5870789,PackInHumanDensityPassCultistShrinePackInStorageCell,,0
587248,,,0
587362,,,0
587382,,,0
587609,,,0
5876667,,,0
5876668,PackInATXWSTPKINCAMPDeployableRaiderStorageCell,,0
5881011,PackInF1SurvivalTentXmasStorageCell,,0
5899140,zCUTTestOrionWatogaCivicCenter,Quick Test Cell,0
5899670,DebugJMoretto,Quick Test Cell,0
590128,PackInPOITrainStationPrefabBlueBuilding01StorageCell,,0
590130,PackInPOITrainStationPrefabBluePlatform01StorageCell,,0
5902670,PackInATXworkshopCollectorScavengepackinSantaStorageCell,,0
5903314,PackInF1SurvivalTentFirstRespondersStorageCell,,0
5905628,zCUTDebugPaths,Animation Test Cell,0
5906170,PackInATXCollectronpackinSantatronStorageCell,,0
5906953,zCUTDebugMattO,Quick Test Cell,0
5908974,PackInF1SurvivalTentRaiderStorageCellDUPLICATE001,,0
5908975,PackInF1SurvivalTentRaiderStorageCellDUPLICATE000,,0
5908976,PackInF1SurvivalTentRaiderStorageCell,,0
5909257,DebugVeronicaHDUPLICATE000,Veronica's Test Cell,0
5911347,PackInF1SurvivalTentSettlerStorageCell,,0
5911496,DebugJustinN,Quick Test Cell,0
5920070,zCUTDebugShelterszzTestCell,Quick Test Cell,0
5920899,zCUTSheltersUnusedBoSBunker,Bunker Shelter,0
5921120,,,0
5921121,,,0
5921510,DebugJustinN02,Quick Test Cell,0
5922974,COPY0002,,0
5923921,,,0
5923922,,,0
5924313,PackInSheltersEntranceCavesmallStorageCell,,0
5925580,PackInATXPackinWorkshopPottingShedStorageCell,,0
5927137,,,0
592907,,,0
592915,,,0
592926,,,0
59345,zCUTVault9402OLD,Vault 94 OLD,0
5941415,zCUTObservatoryLower01OLD,ATLAS Observatory Basement,0
5950047,PackInATXRedRocketGaragePowerArmorStorageCell,,0
5950504,,,0
5950505,,,0
5950506,PackInSheltersEntranceLargeTestGazeboStorageCell,,0
5950555,zCUTSheltersUnusedBasicCave,Cave Shelter,0
5951552,PackInSupplyRunDataPackInStorageCell,,0
5952478,PackInATXCollectronpackinFasnachtStorageCell,,0
5954657,PackInSheltersTestEntranceSnapTestMultipleStorageCell,,0
5954658,PackInSheltersTestEntranceSnapTestWallStorageCell,,0
5954659,PackInSheltersTestEntranceSnapTestFoundationStorageCell,,0
5955003,PackInATXDoorNukaColaMachineSecretStorageCell,,0
5955954,PackInATXNukaColaMachineDoorPCKNStorageCell,,0
5956644,zCUTProtoExpo03,Quick Test Cell,0
5965348,zCUTProtoExpo01,Quick Test Cell,0
596816,,,0
5971203,,,0
5971529,,,0
5974843,PackInSheltersEntranceMediumVaultSmallStorageCell,,0
5974844,PackInSheltersEntranceMediumMansionSmallStorageCell,,0
5976264,zCUTProtoExpo02,Quick Test Cell,0
5977828,zCUTSheltersUnusedGreenhouse,Greenhouse Shelter,0
5981721,PackInSheltersEntranceSmallGreenhouseSmallStorageCell,,0
5983685,zCUTSheltersUnusedWaterfallCave,Waterfall Cave Shelter,0
5984846,PackInSheltersEntranceCaveLargeStorageCell,,0
5986693,,,0
598723,DebugCBernardo,Quick Test Cell,0
5987870,zCUTProtoExpo05,Quick Test Cell,0
5990293,PackInSheltersEntranceVaultLivingQuartersSmallStorageCell,,0
5992511,PackInSheltersEntranceBasicCavePropStorageCell,,0
5992734,PackInSheltersEntrancePackinTemplateDONOTUSEStorageCell,,0
5992807,PackInSheltersEntranceMansionLargeStorageCell,,0
5992808,PackInSheltersEntranceBoSBunkerLargeStorageCell,,0
5992809,PackInSheltersEntranceRootCellarLargeStorageCell,,0
5992810,PackInSheltersEntranceWaterfallCaveLargeStorageCell,,0
5995256,WarehouseEWSModule,Quick Test Cell,0
5995903,PackInSCORES1PKINCAMPDeployableFutureTecStorageCell,,0
60,DefaultWorld,,1
600256,PackInDMPWeapGunPistolAllStorageCell,,0
604093,zCUTTestMeganS,Quick Test Cell,0
604146,,,0
6043861,,,0
604602,COPY0281,,0
605021,,,0
605035,,,0
6050730,PackInATXCollectronpackinBoSStorageCell,,0
60539,zCUTDebugJasonBobblehead,Test Combat,0
605536,zCUTTestKurtREAssault,Quick Test Cell,0
60559,zCUTTestDaryl01,Test Daryl 01,0
605700,TestJarrodWorld,TestJarrodWorld,1
605701,TestJarrod2,TestJarrod2,1
6064474,PackInSheltersEntranceVaultReceptionSmallStorageCell,,0
6064475,PackInSheltersEntranceVaultServerRoomSmallStorageCell,,0
6064865,PackInATXAmmoConverterpackinStorageCell,,0
6065849,DebugBrianna,Quick Test Cell,0
6073000,zCUTDebugSheltersVaultTestMat01,Quick Test Cell,0
60745,76HoldingCellMD02,Quick Test Cell,0
60746,76HoldingCellMD,Quick Test Cell,0
60747,,,0
6094883,,,0
6100732,zCUTDebugCameronL,Quick Test Cell,0
6105625,,,0
6105936,PackInATXBoSDoorPCKNStorageCell,,0
611135,,,0
6129589,PackInFoosballTablePackInStorageCell,,0
6129610,,,0
6133,,,0
6134,,,0
6135,PackInPACKFloraBleachDogwood01GroupStorageCell,,0
6141064,PackInATXGuttedCarGatePackInStorageCell,,0
6141114,PackInATXDisplayPowerArmorBlueStorageCell,,0
6141115,,,0
6141116,PackInATXDisplayPowerArmorYellowStorageCell,,0
6141117,PackInATXDisplayPowerArmorRedStorageCell,,0
6141230,PackInSheltersEntranceVaultStorageRoomQuestRewardSmallStorageCell,,0
6143478,PackInATXDisplayMannequinRackFemaleStorageCell,,0
6143479,PackInATXDisplayMannequinRackFemaleBlueStorageCell,,0
6143480,PackInATXDisplayMannequinRackFemaleRedStorageCell,,0
6143481,PackInATXDisplayMannequinRackFemaleYellowStorageCell,,0
6143482,PackInATXDisplayMannequinRackMaleStorageCell,,0
6143483,PackInATXDisplayMannequinRackMaleBlueStorageCell,,0
6143484,PackInATXDisplayMannequinRackMaleRedStorageCell,,0
6143485,PackInATXDisplayMannequinRackMaleYellowStorageCell,,0
6146619,PackInSCORES2DisplayPowerArmorRackArmorAceStorageCell,,0
6148880,PackInATXEncampmentFenceGatePKINStorageCell,,0
6178090,PackInATXEncampmentFenceGateNoSnapPKINStorageCell,,0
61856,zCUTDebugKurt01,Quick Test Cell,0
619740,,,0
6198374,PackInTurretBubbleWallPackInStorageCell,,0
6198702,WarehouseEWSTest,Quick Test Cell,0
6205653,,,0
6205654,,,0
6205655,PackInLGTSheltersVATFloorLightStorageCell,,0
6209455,PackInATXBoSRoundtablePackInStorageCell,,0
6210423,,,0
6218064,PackInSuperMutantTubePackInStorageCell,,0
6228302,PackInSheltersEntranceVaultQuartersLargeStorageCell,,0
6229621,DebugDobert04,Quick Test Cell,0
6231063,zCUTProtoExpo06,Quick Test Cell,0
62331,TestRE,TestRafael2,1
623943,COPY0282,,0
624987,TestChrisExt,TestChris_Ext,1
625009,zCUTWhitespringResort01,Whitespring Resort,0
6250407,DebugJohnB,Quick Test Cell,0
6260671,zCUTDebugAlexB,Quick Test Cell,0
6272043,PackInF1SurvivalTentAPCBaselineStorageCell,,0
6274071,PackInATXCollectronpackinNukaColaStorageCell,,0
6274923,PackInWendigoTubePackInStorageCell,,0
6274924,PackInScorchedTubePackInStorageCell,,0
6279316,PackInATXRedRocketCollectronPackInStorageCell,,0
6282719,PackInDailyOpsMode02PackInStorageCell,,0
6286079,PackInWorkshopFloraPumpkin03packinStorageCell,,0
6286080,PackInWorkshopFloraPumpkin04packinStorageCell,,0
6286081,PackInWorkshopFloraPumpkin01packinStorageCell,,0
6286082,PackInWorkshopFloraPumpkin02packinStorageCell,,0
6289840,,,0
6289841,PackInATXFenceBarbedWireGatePKINStorageCell,,0
6289842,PackInATXFenceBarbedWireGatePCKNStorageCell,,0
6292434,PackInATXFenceIronGate256PCKNStorageCell,,0
6292435,PackInATXFenceIronGate128PCKNStorageCellDUPLICATE000,,0
6296644,,,0
6299806,PackInATXBarrierRedBrickGate128PKINStorageCell,,0
6299807,PackInATXBarrierRedBrickGate256PKINStorageCell,,0
6303191,PackInWorkshopFloraPumpkinVine01packinStorageCell,,0
6303660,PackInSheltersEntranceVaultServerRoomLargeStorageCell,,0
6306226,PackInPROXYFenceGate128PKINStorageCell,,0
6306227,,,0
6306228,,,0
6306229,,,0
6308485,,,0
6311953,PackInATXFenceGateRedCedarDying128PKINStorageCell,,0
6311954,PackInATXFenceGateRedCedarDying256PKINStorageCell,,0
6311985,PackInATXCollectronPackInRedRocketPumpStorageCell,,0
631396,TestJHollar1,TestJHollar,1
6319470,DebugElishaM,Quick Test Cell,0
63241,zCUTTestJayQuestCell,Quick Test Cell,0
6326979,PackInATXFenceGateRedCedar128PKINStorageCell,,0
6326980,,,0
6326981,,,0
6326982,,,0
6332055,PackInATXFenceIronGate128PCKNDUPLICATE000StorageCell,,0
6332600,DebugJeffU01,Quick Test Cell,0
6334121,,,0
6334122,PackInATXFenceGateHedgeRedCedarDying128PKINStorageCell,,0
63478,TestAudioWorld,,1
63497,zCUTDebugDaryl01,Quick Test Cell,0
63500,,,0
6367166,,,0
6371818,WarehouseExpeditionsExterior,Warehouse Expeditions Exterior,0
6371819,WarehouseExpeditionsDungeon,Warehouse Expeditions Dungeon,0
637629,,,0
637630,,,0
637631,,,0
638005,,,0
638250,zCUTDebugRange,DebugRange,0
6386457,DebugMattT,Quick Test Cell,0
6392202,PackInYaoGuaiTubePackInStorageCell,,0
6410975,,,0
6410998,PackInYaoGuaiTubeStorageCell,,0
6412580,PackInMirelurkKingTubePackInStorageCell,,0
6413040,DebugMattTDUPLICATE000,Quick Test Cell,0
6414398,PackInATXCOMPPackinCampObjectMechanicStorageCell,,0
6420934,PackInATXRustedChainLinkGate128PKINStorageCell,,0
6420935,PackInATXRustedChainLinkGate256PKINStorageCell,,0
6423863,WarehouseExpeditionsHub,Warehouse Expeditions Dungeon,0
6425157,PackInATXFenceGateHedgeRedCedar128PKINStorageCellDUPLICATE000,,0
6425158,PackInATXFenceGateHedgeRedCedarDying256PKINStorageCellDUPLICATE000,,0
6426427,PackInATXCollectronpackinFETCHStorageCell,,0
6427948,DebugVeronicaH,Quick Test Cell,0
6428469,PackInCaveCricketTubePackInStorageCell,,0
6428476,,,0
6428879,PackInSCORES5COMPPackinCampObjectSuperMutantStorageCell,,0
6428880,PackInSCORES5COMPPackinCampObjectInspectorPKINStorageCell,,0
6437817,PackInSCORES5COMPPackinCampObjectInspectorPKINCOPY0000StorageCell,,0
6437990,DebugABlack,Quick Test Cell,0
64422,TestHkDestructionWorld,,1
646291,PackInLoadElevatorUtilityPackInStorageCell,,0
6470669,WarehouseExpeditionsBeautifulCorner,Pitt Exterior Beautiful Corner,0
64788,TestEncSpawnWorld,Test Encounter Spawn World,1
6496779,PackInFlatwoodsMonsterTubePackInStorageCell,,0
6496780,PackInHumanFemaleTubeStorageCell,,0
6496781,PackInZetanTubePackInStorageCell,,0
6496786,,,0
6504089,StormBossTestCell,Quick Test Cell,0
650515,PackInToxicVentLG01FXlgPKNStorageCell,,0
6506256,,,0
6507290,PackInXPDAmbEWSNodePackinStorageCell,,0
6507291,PackInXPDObjModAssassinationTerritoryPackinStorageCell,,0
6509581,,,0
6512534,EXM1PittWorldspace,The Pitt,1
6517191,PackInATXFirstRespondersFireStationPKINStorageCell,,0
652326,PackInPrewarFancyBureauWithDoorsStorageCell,,0
654933,PackInPrewarFancyCurioWithDoors01StorageCell,,0
65520,TestSimplygon,,1
65521,TestSimplygonStaticCollections,,1
6574930,PackInF1SurvivalTentAPCRustStorageCell,,0
6575167,PackInXPDCodeBlueCodeChestpackinStorageCell,,0
6593347,76TestQDJP,,0
6602034,zCUT76GeorgePWindmilllTest,Quick Test Cell,0
6603750,PackInXPDDungeonPackinStorageCell,,0
6603751,PackInXPDExteriorPackinStorageCell,,0
660377,PackInLvlFeralGhoulAmbushLayPackInStorageCell,,0
660378,PackInLvlFeralGhoulAmbushCrawlPackInStorageCell,,0
6605796,DebugJeffU02,Quick Test Cell,0
6607553,PackInATXWavyWilardsWaterbedPKINStorageCell,,0
6609124,,,0
6615464,WarehouseTestPathing,Quick Test Cell,0
6623360,PackInATXWavvyWillardsWaterBedPackInStorageCell,,0
6627450,PackInXPDVertibirdScenePackInStorageCell,,0
6640093,76HoldingCellKennethDean,Quick Test Cell,0
6661683,76WeaponTestingGym,Quick Test Cell,0
667147,PackInMetalBarrelRadioactive02PACKStorageCell,,0
667148,PackInMetalBarrelRadioactivePCK01StorageCell,,0
6673523,E09DGWWS,Quick Test Cell,0
668716,PackInLvlFeralGhoulAmbushCrawlFlatPackInStorageCell,,0
6689870,DebugJeffU03,Quick Test Cell,0
6696551,PackInATXCollectronpackinFETCHJunkyardDogStorageCell,,0
6707813,76HoldingCellNWOT,Quick Test Cell,0
6722108,PackInWorkshopNukaCrateStallQuantumPackinStorageCell,,0
6722109,,,0
6722110,,,0
6722111,,,0
6723332,PackInNWOTNukaCrateStallTemplateNoLootStorageCell,,0
6723333,PackInNWOTNukaCrateStallTemplateLowLootStorageCell,,0
6723334,PackInNWOTNukaCrateStallTemplateMedLootStorageCell,,0
6723335,,,0
6729653,DebugWSEventTest,Quick Test Cell,0
6735966,DebugJosephS,Quick Test Cell,0
6769034,,,0
6769035,,,0
6780716,,,0
6781074,PackInATXMedievalPortcullisPKINStorageCell,,0
6781401,TestCellVincent,Quick Test Cell,0
6783400,DebugRyanJohnson,Quick Test Cell,0
6784903,XPDPitt02ACCJ,Purgatory,0
6789747,,,0
6791863,PackInF1LeanToTentPKINStorageCell,,0
6792342,PackInSCORES11FurnitureTireSwingTreePackInStorageCell,,0
679565,PackInLvlViciousDogDefaultPackInStorageCell,,0
679567,PackInLvlSupermutantDefaultPackInStorageCell,,0
679568,PackInLvlStingwingDefaultPackInStorageCell,,0
679569,PackInLvlRobotDefaultPackInStorageCell,,0
679570,PackInLvlRadStagDefaultPackInStorageCell,,0
679571,PackInLvlRadscorpionDefaultPackInStorageCell,,0
679572,PackInLvlMoleratDefaultPackInStorageCell,,0
679573,PackInLvlMirelurkDefaultPackInStorageCell,,0
679574,PackInLvlFEVHoundDefaultPackInStorageCell,,0
679575,PackInLvlFeralGhoulDefaultPackInStorageCell,,0
679576,PackInLvlBloodbugDefaultPackInStorageCell,,0
679577,PackInLvlBloatflyDefaultPackInStorageCell,,0
6804138,PackInATXFurnitureInstrumentHomemadeXylophonePackInStorageCell,,0
6804671,DebugBrentC,Quick Test Cell,0
6804672,DebugBrentC02,Quick Test Cell,0
6807947,PackInATXPackInAppleBarrelStorageCell,,0
6812019,PackInNWOTWorkshopOuthousePackinStorageCell,,0
6824611,PackInATXPackInEventFurnitureAppleBarrelStorageCellDUPLICATE000,,0
6831591,PackInATXAppleBucketPKINStorageCell,,0
6835071,PackInMoonCommunalCampfirePackInStorageCell,,0
6841078,ZZZ76StormGPVault,Quick Test Cell,0
6842286,CUTStormVault63Atrium,TestCell,0
6860715,StormArenaTest,,0
6864927,DebugBadenG,Quick Test Cell,0
6865093,StormTrainTunnelsTest,,0
6876023,StormBossPrototypeBadenG01,Quick Test Cell,0
6876355,DebugAFinn,Quick Test Cell,0
6897064,zzz76StormRDVault63Hub,Vault 63 Atrium,0
6901872,zCUTTest01,,0
6903807,76HoldingCellMoon,Quick Test Cell,0
6911378,PackInF1NukaColaTentPKINStorageCell,,0
6919264,zzzMCD11TestCell,Quick Test Cell,0
6927977,DebugJeffU04,Aquarium,0
6935600,DebugJeffU05,Aquarium,0
6949437,StormEngineeringVlt63,Vault 63 Engineering Sector,0
6949438,StormRadToadZooTest,,0
6968154,DebugStormLuna,Quick Test Cell,0
6992390,StormTradingPostTest,,0
6992391,StormRangerStationTest,,0
6997281,DebugHillValley,Hill Valley,0
7005328,StormPilkerFarmTEST,Quick Test Cell,0
702259,PackInIndCat1WayExtendablePairPackInStorageCell,,0
7029129,zCutStormCultistTunnelTest,,0
7058450,ZZZStormWeatherLab,Quick Test Cell,0
7063298,DebugStormHKFT,Quick Test Cell,0
7064972,StormRangerRadioStationTEST,Quick Test Cell,0
7081446,,,0
7085045,76StormCDBTest,Quick Test Cell,0
7105981,PackInSCORES14CollectronpackinAutoMinerStorageCell,,0
7112937,DebugFKhan,Quick Test Cell,0
71150,TestSimplygonWithSCHouses,,1
7131377,DebugGreenScreen,DebugGreenScreen,0
7135845,DebugDaveB,Quick Test Cell,0
715949,COPY0283,,0
7179088,,,0
7179091,,,0
7179093,,,0
7179096,,,0
7179098,,,0
7179100,,,0
7179101,,,0
7179103,PackInPACKStormDeadForestTree10StorageCell,,0
7179105,,,0
7179107,PackInPACKStormDeadForestTree01StorageCell,,0
7183369,PackInPACKStormElmTree01StorageCell,,0
7183372,PackInPACKStormPineTree02StorageCell,,0
7183427,PackInPACKStormElmTree03StorageCell,,0
7183428,PackInPACKStormElmTree02StorageCell,,0
7183429,PackInPACKStormMapleTreeMix02StorageCell,,0
7183430,PackInPACKStormMapleTreeMix01StorageCell,,0
7183431,PackInPACKStormFloraFern01StorageCell,,0
7183432,PackInPACKStormElmTree04StorageCell,,0
7183433,PackInPACKStormStarlightCreeperStorageCell,,0
7183434,PackInPACKStormRhododendronStorageCell,,0
7183435,PackInPACKStormPineTree01StorageCell,,0
7183436,PackInPACKStormSiltbeanStorageCell,,0
7183437,PackInPACKStormFirecap02StorageCell,,0
7183438,PackInPACKStormMapleTreeLGStorageCell,,0
7183439,PackInPACKStormRocksStorageCell,,0
7183440,,,0
7183441,PackInPACKStormFirecap01StorageCell,,0
7183442,PackInPACKStormWildCarrotStorageCell,,0
7183788,PackInPACKStormLilyOfTheValleyStorageCell,,0
7183790,PackInPACKStormFoxgloveStorageCell,,0
7183792,PackInPACKStormMuhlyStorageCell,,0
7190025,PackInPACKStormSootFlowerStorageCell,,0
7193371,PackInPACKStormCorruptedToxicFernsStorageCell,,0
7193372,PackInPACKStormCorruptedDeadShrubMixStorageCell,,0
7193461,PackInPACKStormCrptElmTreeForest01StorageCell,,0
7193462,,,0
7193463,,,0
7193464,,,0
7193465,,,0
7193466,PackInPACKStormCrptMapleRd01StorageCell,,0
7193467,,,0
7193468,PackInPACKStormCrptMushroom01StorageCell,,0
7193469,,,0
7193470,,,0
7193471,PackInPACKStormCrptCranberry01StorageCell,,0
7193472,PackInPACKStormCrptElmTreeForest02StorageCell,,0
7193473,,,0
7193474,PackInPACKStormCrptMtnTopPineTree01StorageCell,,0
7193475,PackInPACKStormCrptMtnTopRed01StorageCell,,0
7193476,PackInPACKStormCrptMtnTopRed02StorageCell,,0
7193477,,,0
7193478,,,0
7193479,PackInPACKStormCrptElmTreeMix02StorageCell,,0
7193480,PackInPACKStormCrptHedgerow02StorageCell,,0
7193481,,,0
7193482,PackInPACKStormCrptMapleMix02StorageCell,,0
7193483,PackInPACKStormCrptMtnTopPineTree02StorageCell,,0
7193484,PackInPACKStormCrptMtnTopPineTreeMix01StorageCell,,0
7193485,PackInPACKStormCrptMtnTopPineTreeMix02StorageCell,,0
7193486,PackInPACKStormCrptMtnTopRed04StorageCell,,0
7204804,PackInRoadChunksGravel01StorageCell,,0
7204940,PackInMOONHerdWorkshopItemPaddockGatePKINStorageCell,,0
7220503,PackInPACKStormFloraSapStorageCell,,0
7220504,PackInPACKStormFirecracker01StorageCell,,0
7220505,PackInPACKStormFirecracker02StorageCell,,0
72284,TestRobertWorld,,1
7232031,DebugJeffUWorldspace01,DebugJeffU_Worldspace01,1
7232032,zCUTDebugJeffuempty,Quick Test Cell,0
7245963,DebugBadenGInstanced,Quick Test Cell,0
7252899,PackInF1EnclaveMobileRelayTentPKINStorageCell,,0
7253327,PackInStormREPackInSceneStorageCell,,0
72545,zCUTStartCell01,Quick Test Cell,0
7254915,PackInPACKStormMapleTreeMix04StorageCell,,0
72580,TestRafael2,test rafael 2,1
7258676,DebugRyanJohnsonPOI,,0
7259174,,,0
7259772,zzzzzStormVisitorCenter,Robinson Visitor Center,0
7271560,zzzSheltersPatch50,Quick Test Cell,0
7274092,DebugSamuelC01,Quick Test Cell,0
72813,zCUT76AITestCellRadtoad,Quick Test Cell,0
72914,PackInPACKForestTreeX04aStorageCell,,0
72915,PackInPACKForestTreeX04bStorageCellDUPLICATE000,,0
72916,PackInPACKForestTreeXDUPLICATE000StorageCell,,0
7295382,PackInF1SurvivalTentFlatbedTruckStorageCell,,0
7299468,76HoldingCellStorm,Quick Test Cell,0
7303031,PackInPACKStormSwampTreeStorageCell,,0
7303032,PackInPACKStormSwampTreeMixStorageCell,,0
730437,COPY0283DUPLICATE000,,0
7305115,DebugJeffUInstanced01,Quick Test Cell,0
7309709,DebugJeffUInstanced02,Quick Test Cell,0
73106,,,0
7311275,zCUTVault63AshHeapExt,Quick Test Cell,0
7327066,NPESuburbiaWorldspace,NPE Suburbia,1
737459,PackInEncSentryBotAmbushPackInStorageCell,,0
7380041,76DebugTMartins,Quick Test Cell,0
7421602,DebugTMartins,Quick Test Cell,0
74265,TestSimplygonStaticWithPoxyHouses,,1
7496642,,,0
7509805,STORMTreetopLookout,Quick Test Cell,0
7510070,76D11TestCell,Quick Test Cell,0
7516903,TreetopsLookoutJoeCopy,Quick Test Cell,0
75170,TestPhysicsWorld,Test Physics World,1
7533632,DebugRyanJohnson2,,0
7536569,PackInStormMetalDetector01StorageCell,,0
7542565,PackInF1SurvivalTentGazeboPKINStorageCell,,0
7619817,PackInStormREPackInObjectStorageCell,,0
7619818,PackInStormREPackInTravelStorageCell,,0
7619819,PackInStormREPackInAssaultStorageCell,,0
7623095,PackInF1S15SurvivalTentGazeboPKINCStorageCell,,0
7642569,WarehouseCrowds,The Neapolitan Casino,0
7695054,StormVault63AtriumUpperOLD,Atrium Upper Level,0
7732714,PackInStormE01HarvesterPartsBoxPKNStorageCell,,0
7737444,PackInDRIVEEncounterPointPackInStorageCell,,0
7775846,DebugMarkoS01,Quick Test Cell,0
7776031,PackInStormHWSkylineDriveSign01StorageCell,,0
7778569,DebugTomR,Quick Test Cell,0
7793399,PackInStormE01HarvesterPartsBoxPKN2StorageCell,,0
7793400,PackInStormE01HarvesterPartsBoxPKN3StorageCell,,0
7806400,PackInSCORES17CollectronpackinScoutmasterStorageCell,,0
7819930,WarehouseUnused,Quick Test Cell,0
7829913,WarehouseGlassShader,Glass Shader Test Cell,0
78336,zCUTTESTJOHNV01,Quick Test Cell,0
78489,,,0
7852034,zzzSheltersHousingDevelopment,Housing Development,0
7866563,PackInSCORES17F1SurvivalTentCamperPKINStorageCell,,0
7869424,PackInF1SurvivalTentFlatbedTruckCopy01StorageCell,,0
7869510,PackInF1SurvivalTentVintageCamperPKINStorageCell,,0
7873904,,,0
7881189,PackInATXCollectronpackinLumberjackStorageCell,,0
7892492,PackInF1SurvivalTentVaultTecPKINStorageCell,,0
79032,PackInTESTPackInStorageCell,,0
7912861,DebugBSTownBuildings,,0
7916511,WarehouseRaids,Quick Test Cell,0
79246,PackInPACKForestTreeX04bStorageCell,,0
79247,PackInPACKForestTreeX04StorageCell,,0
7935480,76HoldingCellMile,Quick Test Cell,0
7958785,,,0
7959176,DebugMike,Quick Test Cell,0
7969232,,,0
7969233,,,0
7971258,PackInATXCollectronpackinBivBevStorageCell,,0
7971311,DebugJamieR,Quick Test Cell,0
79723,PackInForestPackTree03aStorageCell,,0
7973508,PackInSSELandminePackinStorageCell,,0
7977117,DebugGRoyer,Quick Test Cell,0
7983446,DebugJeffU06GD,Gleaming Depths,0
8008300,DebugJeffU07GD,Gleaming Depths,0
8031568,,,0
8031569,,,0
8031570,,,0
8031571,,,0
8031572,,,0
8031573,,,0
8054307,TestMikeInt,Quick Test Cell,0
806575,PackInLvlMirelurkHunterAggro1670GroundPackInStorageCell,,0
806576,PackInLvlMirelurkHunterAggro1200GroundPackInStorageCell,,0
806577,PackInLvlMirelurkHunterAggro800GroundPackInStorageCell,,0
806578,PackInLvlMirelurkHunterAggro512GroundPackInStorageCell,,0
806579,PackInLvlMirelurkHunterAmbushGroundPackInStorageCell,,0
81153,WarehouseAnimations,Animation Test Cell,0
81335,,,0
81337,,,0
81338,PackInForestPackBoulders01StorageCellDUPLICATE001,,0
81340,PackInForestPackTree02aStorageCell,,0
81341,PackInForestPackTree04aStorageCellDUPLICATE001,,0
8136731,PackInGHLPackinLGTFaceLightingRig01StorageCell,,0
82018,zCUTTestLiz,Quick Test Cell,0
82429,,,0
82430,,,0
82432,,,0
82448,PackInForestPackLog02aStorageCell,,0
82466,PackInForestPackLog01StorageCell,,0
82467,,,0
8305797,DebugGamejam2025,,0
8330,DebugLiam,Quick Test Cell,0
835405,COPY0001,,0
850351,,,0
851270,COPY0285,,0
87451,PackInPACKForestTrees030104StorageCell,,0
87638,zCUTTestRender01,Quick Test Cell,0
89026,,,0
9017,PackInPACKToxicBasinGroupMed02StorageCell,,0
9077,PackInPACKToxicBasinGroupMed01StorageCell,,0
9097,PackInPACKToxicBasinGroupMed03StorageCell,,0
9099,PackInPACKToxicBasinSm02StorageCell,,0
917871,,,0
927749,zCUT76AITestCellMoleMiner,Quick Test Cell,0
944126,COPY0037,,0
953729,COPY0040,,0
9593,PackInPACKToxicBasinSm01StorageCell,,0
9594,PackInPACKToxicBasinGroupSm03BridgeStorageCell,,0
9598,PackInPACKToxicBasinGroupSm01StorageCell,,0
9614,,,0
9615,PackInPACKToxicBasinGroupSm02StorageCell,,0
964469,WarehouseTraps,Warehouse Traps,0
96798,zCUTTESTDanny2,Quick Test Cell,0
96850,COPY0255,,0
96852,COPY0254,,0
970865,COPY0045,,0
973145,COPY0046,,0
97723,TestSteveCWorld,,1
97775,76HoldingCellMD03,Quick Test Cell,0
98184,,,0
98379,,,0
98456,zCUT76WorkshopTest,Quick Test Cell,0
98716,,,0
98718,,,0
99020,76HoldingCellPowerSystem,Quick Test Cell,0
99094,,,0
99168,zCUTTestPowerSystem,Quick Test Cell,0
99665,,,0
99673,PackInLewisburgAwningsStarterPackStorageCell,,0
